#{"t_start": 1778540287.4289503, "env_id": "None"}
r,l,t
-431.48,192,0.117607
-987.56,200,0.18061
72.08,60,0.198612
-444.15,193,0.256515
-1052.8,200,0.332941
-123.49,119,0.368936
97.91,67,0.386935
81.52,60,0.403455
-1094.28,200,0.460458
122.23,59,0.478473
-1150.56,200,0.542062
-1034.96,200,0.590989
12.77,77,0.612535
-1034.44,200,0.708596
300.24,4,0.715588
-939.64,200,0.998651
-1004.88,200,1.306859
-936.56,200,1.602809
-1142.2,200,1.886525
143.51,47,1.957052
-511.66,198,2.239846
-145.66,106,2.380551
-1050.08,200,2.685078
-1160.32,200,3.001012
-992.96,200,3.291503
-972.56,200,3.667444
-420.47,173,3.988263
-169.78,106,4.15369
-124.12,108,4.308728
-86.84,108,4.465283
105.19,59,4.615115
198.66,46,4.820284
-954.0,200,5.135983
-974.92,200,5.481972
-154.66,98,5.692024
246.45,25,5.738586
-402.27,165,6.001938
-1091.84,200,6.364654
26.73,89,6.501194
-944.08,200,6.872514
242.12,24,6.933024
165.91,51,7.015609
-1057.08,200,7.338197
-1079.0,200,7.640706
-210.1,138,7.881854
-59.19,113,8.096367
-1030.88,200,8.385554
-46.17,83,8.54662
-158.64,144,8.80626
121.04,48,8.89128
-265.79,137,9.109147
233.76,32,9.151146
-847.48,200,9.569375
190.43,35,9.636835
-14.76,108,9.825664
110.06,66,9.953068
-223.51,141,10.182376
264.9,10,10.205382
-349.11,165,10.500125
-146.29,119,10.698179
148.1,42,10.772933
-1049.68,200,11.081192
-991.84,200,11.484889
61.7,82,11.640249
100.48,72,11.7878
128.85,49,11.858361
233.25,37,11.909944
-432.18,182,12.271546
-123.01,127,12.461586
-1105.88,200,12.856758
-204.1,134,13.086787
106.05,69,13.243879
256.01,29,13.341415
194.69,41,13.411947
-1081.92,200,13.822405
-959.24,200,14.130989
236.64,44,14.202478
-983.52,200,14.609178
63.45,77,14.80303
53.89,77,14.949767
181.32,48,15.024307
211.9,42,15.099645
-1027.72,200,15.429579
125.05,69,15.554492
-468.53,179,15.924419
220.02,34,15.979387
22.23,83,16.114702
250.14,18,16.141699
-197.18,146,16.424244
-950.32,200,16.760267
169.74,50,16.84778
314.31,7,16.86078
307.05,13,16.891463
-1075.96,200,17.341434
-20.11,97,17.504035
297.06,10,17.521539
-132.57,123,17.744318
-163.18,130,17.974682
235.58,38,18.031875
-1096.56,200,18.354168
238.41,41,18.419067
240.36,32,18.46707
256.95,23,18.502074
305.9,6,18.510077
-324.53,167,18.801926
-991.04,200,19.138871
-1049.88,200,19.458046
184.22,50,19.567578
293.82,6,19.595722
195.58,46,19.715024
-1001.16,200,20.013651
-1058.64,200,20.31895
-973.08,200,20.800388
-99.35,133,21.145942
-43.46,118,21.341035
9.72,84,21.507332
-1002.28,200,21.854018
-1070.56,200,22.19077
276.78,22,22.244802
-1068.4,200,22.591011
126.98,62,22.703153
244.11,35,22.762684
112.05,69,22.875208
24.75,71,23.005319
-36.12,104,23.167363
311.94,22,23.202409
306.81,9,23.216909
217.92,44,23.276911
144.06,58,23.365537
-901.84,200,23.678267
-1001.76,200,24.017224
-325.45,147,24.28226
245.19,31,24.331792
204.19,35,24.382793
36.47,95,24.540759
-1009.28,200,25.030409
-367.83,153,25.285237
-1014.88,200,25.611063
175.52,40,25.674568
235.1,34,25.723092
-1111.12,200,26.03417
157.68,52,26.117679
-265.57,135,26.33677
-1061.84,200,26.760582
301.95,19,26.805592
126.76,68,26.917154
-1068.04,200,27.239338
252.86,26,27.274335
103.11,79,27.40488
277.35,27,27.449392
-90.66,122,27.647435
162.53,41,27.71045
154.14,62,27.814963
-917.08,200,28.115718
306.66,2,28.116718
-142.6,112,28.282233
-155.4,132,28.642472
307.14,10,28.656465
99.52,56,28.735986
-1004.48,200,29.114221
112.12,68,29.226516
285.3,14,29.245517
11.23,87,29.373539
291.48,8,29.391527
163.01,49,29.494075
13.13,89,29.651156
-939.6,200,30.020267
-1118.16,200,30.337868
179.43,43,30.421406
208.35,35,30.498407
200.39,39,30.576955
-396.79,177,30.881037
-163.66,126,31.096474
8.69,93,31.240354
293.82,6,31.245354
184.92,48,31.326592
140.04,40,31.397526
63.25,65,31.512688
-80.21,135,31.791281
280.95,23,31.826801
121.16,60,31.935203
296.65,9,31.949676
-4.87,93,32.102322
254.7,22,32.138851
103.99,67,32.249376
-1128.56,200,32.540937
233.46,22,32.571936
302.97,9,32.587935
-363.31,181,32.888159
2.55,91,33.0262
-984.48,200,33.349761
297.9,6,33.357759
61.89,77,33.510315
170.37,37,33.57842
177.24,48,33.656518
-35.56,100,33.817872
-1135.36,200,34.141971
114.18,54,34.22098
286.52,28,34.266498
52.58,74,34.422814
-109.13,103,34.636552
138.93,65,34.740741
303.81,9,34.753738
296.91,3,34.760738
-1049.08,200,35.205051
148.16,56,35.293613
1.68,104,35.439924
-74.32,112,35.611481
214.56,48,35.701932
256.58,38,35.760753
181.36,40,35.833684
264.06,14,35.85368
206.9,54,35.961212
-1115.12,200,36.307901
-1052.52,200,36.617679
317.64,8,36.631188
210.69,37,36.695189
117.43,51,36.786799
296.82,6,36.800438
285.45,21,36.834635
92.88,72,36.963631
215.07,47,37.03847
-1200.48,200,37.382207
-174.69,111,37.55982
278.81,13,37.604401
306.66,2,37.606401
-201.09,131,37.82674
270.78,26,37.866741
-1216.52,200,38.233341
292.79,19,38.266937
276.22,22,38.308276
316.65,5,38.316286
18.67,95,38.470695
329.97,9,38.485695
306.9,6,38.491696
-981.48,200,38.939252
306.66,2,38.952267
-59.98,106,39.139021
293.58,34,39.193614
-356.55,181,39.473897
-195.95,121,39.672938
150.9,70,39.800127
89.05,53,39.887773
-1019.08,200,40.239959
-1155.44,200,40.571334
236.85,33,40.621647
103.08,68,40.729933
-61.68,96,40.883359
226.44,32,40.944447
207.75,43,41.02508
-331.64,152,41.259717
71.85,57,41.355622
280.47,15,41.386969
207.54,30,41.434988
253.7,26,41.473993
233.94,34,41.534588
300.15,7,41.548712
251.85,33,41.604023
-108.54,110,41.881807
-29.67,105,42.048154
303.33,1,42.057659
298.79,19,42.084652
82.55,71,42.207029
135.75,55,42.300105
220.95,31,42.350998
-1138.08,200,42.70861
281.22,14,42.733125
264.63,19,42.768127
-14.13,95,42.954188
300.24,4,42.962188
-1029.72,200,43.293028
262.95,23,43.328561
314.9,6,43.347742
253.86,26,43.386773
-177.72,120,43.570644
268.6,36,43.624652
-48.56,100,43.792708
-1107.68,200,44.138675
184.85,45,44.214854
327.87,15,44.235794
165.42,50,44.316803
147.29,49,44.418139
173.85,45,44.49798
205.2,60,44.588855
310.23,7,44.609024
-136.36,100,44.766529
15.48,76,44.898385
316.89,9,44.912465
-463.34,166,45.333496
-46.38,90,45.465946
313.56,8,45.48293
132.9,62,45.578956
304.32,4,45.596487
123.67,51,45.696315
209.09,41,45.762287
178.58,50,45.876406
314.31,7,45.899622
306.81,9,45.918825
-281.3,138,46.199319
211.05,29,46.249842
285.45,21,46.298479
213.4,52,46.388163
-1193.56,200,46.691131
182.55,35,46.751682
328.22,10,46.788681
-76.86,110,47.049019
88.72,80,47.183608
278.2,24,47.219615
-128.39,97,47.380008
307.14,10,47.398025
303.57,5,47.408014
268.2,24,47.449554
277.2,20,47.512538
284.22,14,47.543066
319.98,6,47.551534
306.9,6,47.560559
-1129.24,200,47.885176
307.65,5,47.89918
247.53,25,47.959711
-1225.04,200,48.278285
-41.6,92,48.545645
341.94,18,48.579644
257.25,37,48.631658
117.99,55,48.735708
300.54,18,48.780709
-1035.28,200,49.146817
148.34,46,49.239331
200.91,47,49.323342
279.63,19,49.35863
152.16,56,49.44644
314.03,19,49.479454
167.85,41,49.551971
284.37,21,49.596204
197.93,41,49.669729
96.66,66,49.797259
195.71,31,49.854799
-1267.28,200,50.196809
-192.93,111,50.403862
-241.45,143,50.683715
227.73,41,50.77933
-1128.32,200,51.195444
237.87,27,51.244977
-208.36,108,51.469391
-49.21,95,51.678292
285.09,29,51.768817
319.98,6,51.789816
230.55,23,51.842446
264.58,42,52.016974
13.47,75,52.155047
316.89,9,52.169051
300.15,7,52.183061
176.55,27,52.223586
265.02,30,52.276673
259.05,17,52.304671
262.46,22,52.3442
248.55,19,52.37441
312.56,8,52.393641
88.63,79,52.523722
-434.68,160,52.843213
15.16,76,53.003933
290.32,8,53.021976
293.49,5,53.040479
-1303.04,200,53.392224
17.06,74,53.582509
-1263.92,200,53.918379
-151.03,121,54.112475
-431.25,159,54.397432
307.65,5,54.404431
86.76,60,54.504975
261.27,31,54.554295
303.33,1,54.554295
93.56,72,54.688364
-451.29,147,55.077998
290.73,9,55.090994
298.94,26,55.136006
305.55,11,55.156536
-1181.32,200,55.553297
293.49,5,55.559297
201.3,26,55.59638
-13.44,84,55.741451
152.34,46,55.820467
306.66,2,55.821474
309.99,3,55.830462
-997.56,200,56.223914
19.37,81,56.395193
130.12,68,56.544619
40.06,78,56.725175
173.19,39,56.788687
274.32,8,56.806976
310.71,15,56.82997
308.24,4,56.837978
186.55,55,56.946029
-28.88,100,57.107995
309.99,3,57.114996
-1276.52,200,57.453162
236.4,16,57.508156
309.99,3,57.528188
263.19,27,57.591721
181.84,52,57.688608
252.87,23,57.726605
-999.2,200,58.151251
-73.16,84,58.285865
10.72,76,58.408396
-71.91,73,58.618505
-453.13,183,58.994795
285.45,21,59.027818
276.54,18,59.059319
81.27,51,59.166045
-389.01,139,59.407935
287.46,18,59.460477
124.65,25,59.509476
303.33,1,59.511477
263.46,22,59.563025
259.52,24,59.61601
-522.02,182,59.994655
307.89,9,60.011654
298.05,13,60.038662
92.34,58,60.130866
281.55,15,60.155387
303.57,5,60.16339
211.84,44,60.237403
-1233.68,200,60.706917
308.13,13,60.742446
-1185.76,200,61.101032
-478.67,181,61.401613
252.01,33,61.488154
319.98,6,61.507141
306.89,9,61.527149
238.53,29,61.57969
-61.67,85,61.729249
287.37,25,61.775777
307.14,10,61.788779
-191.37,111,61.972827
228.36,28,62.017839
246.51,35,62.082346
-42.32,88,62.220868
-160.65,127,62.434443
301.86,22,62.478029
302.85,25,62.515015
51.18,62,62.608556
278.13,17,62.640909
103.0,68,62.772946
310.23,7,62.783944
262.44,28,62.82596
-166.99,117,63.01608
252.27,39,63.080604
265.06,22,63.114605
268.98,10,63.134611
283.89,13,63.159133
241.92,36,63.221132
255.37,25,63.324655
252.63,19,63.427444
218.76,48,63.507408
291.63,15,63.535415
297.39,11,63.550934
-212.82,98,63.723705
144.56,56,63.829254
294.06,10,63.843255
-1178.36,200,64.174161
316.65,5,64.185163
-1074.44,200,64.515483
199.02,38,64.578013
319.62,14,64.603013
261.48,12,64.623013
291.39,11,64.643525
311.81,9,64.660529
291.72,12,64.678529
308.13,13,64.701533
272.04,20,64.741537
19.08,84,64.879582
-1230.76,200,65.222215
267.03,23,65.257784
-1283.0,200,65.616529
-341.02,130,65.877198
239.46,22,65.911181
282.06,10,65.926178
300.99,3,65.936189
148.0,56,66.04438
306.66,2,66.046388
188.84,44,66.245468
287.88,16,66.277468
103.59,47,66.360315
19.75,75,66.49387
260.76,36,66.553398
287.14,14,66.578402
221.04,28,66.62341
261.87,23,66.690944
266.12,24,66.726957
-18.63,105,66.892047
-71.22,94,67.086116
323.37,17,67.123148
203.67,43,67.23068
294.87,19,67.281196
-284.41,191,67.650726
85.33,69,67.784123
27.42,74,67.90287
288.89,13,67.925892
223.5,38,67.986421
298.12,28,68.035406
291.15,7,68.04811
304.32,4,68.059758
190.17,45,68.125345
127.09,77,68.245804
159.33,73,68.368463
1.07,71,68.501179
-369.29,151,68.744236
293.07,7,68.757754
-132.11,137,68.975969
274.23,11,69.004967
334.53,17,69.034001
103.17,65,69.256543
-277.1,138,69.480094
272.94,26,69.523093
-1231.48,200,69.855869
-67.79,137,70.076553
300.15,7,70.089557
309.99,3,70.101691
257.19,31,70.155218
217.14,50,70.23522
12.47,83,70.373739
-196.8,120,70.580299
-172.52,108,70.737833
319.81,9,70.750725
186.27,39,70.80724
309.99,3,70.819241
318.87,15,70.840246
-167.54,114,71.041283
250.47,19,71.073791
306.9,6,71.086812
270.75,39,71.148365
-119.35,113,71.335866
120.84,44,71.400671
-1256.12,200,71.716422
-382.62,150,71.991038
296.82,6,72.003037
-601.37,171,72.473768
219.94,38,72.533756
344.87,15,72.563288
190.96,32,72.628291
-1431.92,200,73.01146
211.44,40,73.082979
-129.31,89,73.225507
292.32,8,73.238514
259.26,34,73.298025
311.46,14,73.327028
281.68,32,73.38054
291.8,16,73.404536
311.22,10,73.421537
249.54,26,73.46607
-1136.64,200,73.836697
296.91,3,73.844697
-673.52,196,74.222974
-1268.64,200,74.559231
218.61,29,74.609233
-102.72,76,74.735938
309.72,12,74.751463
-1360.76,200,75.090948
212.1,46,75.185473
-310.73,119,75.516992
300.99,3,75.518996
152.86,46,75.604508
303.48,8,75.626497
310.98,6,75.638502
-222.76,124,75.895995
291.38,18,75.94021
-1309.32,200,76.309361
-1164.96,200,76.702357
301.5,30,76.756897
-1353.24,200,77.112534
317.12,16,77.139544
306.66,2,77.146544
279.78,22,77.179065
-75.15,77,77.315611
250.71,27,77.371129
309.99,3,77.382429
297.15,7,77.396454
294.69,25,77.449504
-1136.12,200,77.791638
323.31,7,77.802635
222.25,49,77.877157
277.89,13,77.903157
-498.36,140,78.126239
346.62,14,78.15376
313.71,15,78.18176
202.11,39,78.246784
323.31,7,78.261296
316.65,5,78.268294
207.87,31,78.323316
334.29,13,78.349307
-1329.68,200,78.833359
280.68,28,78.878135
249.27,31,78.928143
-1497.92,200,79.283509
31.12,48,79.367183
-85.74,78,79.499234
306.66,2,79.501233
333.54,14,79.533594
310.98,6,79.54823
303.81,9,79.569163
-1309.12,200,79.915119
237.01,41,79.994995
167.42,50,80.080738
92.46,46,80.159249
167.25,45,80.227216
-1394.52,200,80.584481
35.45,57,80.685368
284.97,13,80.709874
-1304.6,200,81.052229
299.73,9,81.080919
-49.65,75,81.211113
298.49,5,81.223825
316.65,5,81.230833
-700.86,186,81.5688
307.29,17,81.595801
286.8,16,81.618803
306.9,6,81.627815
277.98,10,81.657589
326.64,8,81.673588
316.65,5,81.681587
287.79,15,81.72559
315.89,9,81.755109
1.35,59,81.869647
303.57,5,81.878642
303.48,8,81.892545
-129.23,141,82.159645
317.64,8,82.219632
284.22,14,82.336153
-1469.24,200,82.683945
269.65,13,82.710299
268.77,29,82.752311
-73.23,73,82.869359
74.65,85,83.009942
-27.12,80,83.164826
-116.99,137,83.418042
33.39,39,83.489912
309.99,3,83.492912
302.09,33,83.560038
293.97,13,83.585975
115.06,30,83.642606
304.32,4,83.650751
222.43,39,83.72693
232.11,27,83.775327
299.39,11,83.793326
310.2,20,83.823326
-17.14,74,83.952038
289.02,26,84.009818
267.2,24,84.056351
188.54,42,84.13517
304.56,8,84.152688
169.12,64,84.256748
310.14,10,84.276755
293.49,5,84.285756
252.59,39,84.358282
-1544.72,200,84.71882
191.37,29,84.769347
310.23,7,84.786347
287.97,13,84.814753
-1437.76,200,85.293732
124.67,55,85.380247
319.98,6,85.389253
311.47,15,85.419246
-1209.2,200,85.803298
308.79,15,85.848285
93.27,43,85.920799
275.4,12,85.94804
176.61,65,86.06306
-181.05,79,86.194885
-567.12,172,86.496284
140.85,69,86.637083
300.15,7,86.645091
316.65,5,86.667794
298.36,28,86.720757
-357.57,115,86.912886
287.13,17,86.945636
-291.5,134,87.170907
-944.76,188,87.468931
249.6,28,87.525891
-97.72,124,87.720209
304.32,4,87.72721
275.79,19,87.76016
283.74,6,87.772673
297.6,28,87.82499
329.97,9,87.843789
200.55,55,87.940099
206.88,28,87.999776
156.6,44,88.086412
304.32,4,88.094905
281.46,18,88.123868
323.55,11,88.145879
-1494.4,200,88.47266
311.57,5,88.479667
-22.81,95,88.634212
-263.69,179,88.954182
315.78,18,88.983707
224.22,18,89.007716
-139.59,85,89.142221
206.7,30,89.193753
-348.34,146,89.453569
326.64,8,89.469687
312.21,13,89.494686
337.86,18,89.534712
-571.31,161,89.897099
294.81,9,89.908098
192.0,48,89.984563
240.84,32,90.040582
-27.33,63,90.156658
-308.04,132,90.376335
-36.84,76,90.557693
-62.67,81,90.695506
252.81,13,90.72023
309.99,3,90.727231
287.64,12,90.749261
309.99,3,90.75924
259.64,48,90.853128
295.97,21,90.890645
18.27,55,90.986511
292.07,7,91.00058
324.3,10,91.01758
-84.72,64,91.12856
283.31,11,91.150084
295.71,15,91.180943
-502.94,134,91.416918
319.98,6,91.42698
314.31,7,91.439981
-179.73,87,91.584104
-274.92,108,91.756655
290.64,12,91.780625
-479.58,126,92.014948
193.5,46,92.09677
-18.42,66,92.203289
307.65,5,92.215286
327.63,11,92.231286
301.23,7,92.250296
162.17,45,92.341875
-201.34,94,92.616826
74.85,49,92.70538
-1619.36,200,93.046992
319.13,21,93.084563
-1413.8,200,93.409496
314.46,14,93.437186
282.87,19,93.497703
-1311.16,200,93.85162
-1005.84,200,94.318037
-251.84,108,94.593053
280.11,27,94.639047
54.57,81,94.772171
-767.72,200,95.156015
-65.52,76,95.342076
-212.7,74,95.594629
319.98,6,95.607632
316.65,5,95.615646
291.45,21,95.650635
313.32,4,95.66365
288.96,20,95.694183
337.62,14,95.729183
300.15,7,95.74018
-922.32,168,96.050502
307.89,9,96.073015
333.54,14,96.096012
-1550.72,200,96.444645
296.79,15,96.475192
245.13,21,96.525174
304.32,4,96.53317
329.97,9,96.547171
287.07,7,96.566724
-461.1,158,96.879836
-461.55,129,97.093882
-1393.28,200,97.502544
281.07,7,97.522546
-1673.12,200,97.877609
90.87,39,97.935614
291.48,8,97.95063
282.54,18,97.99014
300.24,4,97.995161
63.51,51,98.117682
278.13,17,98.144717
-831.73,179,98.609781
-81.72,56,98.728529
316.65,5,98.741052
306.66,2,98.74405
-1201.48,200,99.099114
302.13,13,99.130112
321.21,13,99.160132
-754.5,138,99.437045
-222.26,86,99.619514
-2.47,57,99.732585
319.98,6,99.74753
59.1,54,99.84362
94.35,47,99.936173
309.51,23,99.981686
169.53,45,100.056685
277.23,11,100.074202
305.38,14,100.101212
-60.06,70,100.213743
-368.4,100,100.379983
23.22,38,100.460002
-26.55,69,100.642675
68.28,52,100.737433
307.89,9,100.756552
195.72,24,100.797907
-1749.2,200,101.145513
-753.6,200,101.563905
313.47,11,101.579079
313.47,11,101.611073
-1379.0,200,102.156621
307.65,5,102.16262
-1651.88,200,102.563819
-676.96,200,103.022417
306.81,9,103.051744
313.32,4,103.060745
328.46,14,103.08027
303.33,1,103.081272
307.8,12,103.108261
-20.07,61,103.235039
150.08,44,103.303559
164.6,76,103.454221
319.98,6,103.46924
-1467.64,200,103.836493
-849.52,164,104.134212
-725.44,200,104.565692
-190.05,67,104.690576
75.34,58,104.861117
229.7,38,104.951768
306.66,2,104.953768
-1241.64,200,105.283944
67.84,76,105.425657
-1763.48,200,105.852936
182.46,30,105.904458
-236.38,78,106.048138
-510.15,109,106.236018
317.64,8,106.249629
-1270.04,200,106.599289
310.23,7,106.614408
318.63,11,106.633887
33.29,45,106.706236
301.2,20,106.737231
294.48,8,106.757849
-220.81,127,106.982987
304.32,4,106.988987
310.47,11,107.016077
333.54,14,107.043864
186.96,32,107.106631
173.28,36,107.170227
308.24,4,107.17575
20.52,52,107.272588
318.36,20,107.304115
269.55,15,107.337111
240.27,31,107.40364
5.28,48,107.533136
-403.26,114,107.864934
-951.2,188,108.238682
333.3,10,108.257687
329.97,9,108.27957
311.57,5,108.287555
-285.12,76,108.437069
-972.96,156,108.769659
-14.8,120,108.982898
-1638.68,200,109.332917
-1089.44,200,109.698296
-588.48,116,109.905769
-959.04,200,110.258956
134.87,63,110.373777
306.81,9,110.390293
-1074.12,200,110.848019
-508.41,107,111.037844
-426.54,90,111.200112
-433.32,108,111.39457
260.7,22,111.43156
-2053.8,200,111.82364
-1925.12,200,112.174994
310.98,6,112.186555
-1787.84,200,112.561772
300.24,4,112.575432
-1194.33,183,112.899218
-1617.56,200,113.308319
-1039.14,146,113.693101
313.32,4,113.703204
-1939.04,200,114.069988
159.27,39,114.13194
300.24,4,114.139941
-814.2,124,114.362763
300.99,3,114.364763
316.65,5,114.378566
-1678.08,200,114.724697
-1868.04,200,115.072523
-1283.67,197,115.44401
306.66,2,115.445017
197.37,29,115.498454
-915.36,200,115.98286
-46.11,41,116.044859
-468.28,84,116.193252
313.32,4,116.200248
-2052.2,200,116.555428
112.36,60,116.649832
-1301.9,194,117.035854
309.99,3,117.040851
213.78,30,117.112029
-1721.24,200,117.47917
-1617.8,200,117.857148
-1017.24,152,118.143229
-126.87,57,118.250346
-1316.16,200,118.637622
80.61,89,118.826999
-114.33,71,118.943981
-473.73,95,119.241959
313.32,4,119.249141
-1935.56,200,119.587957
-302.37,71,119.728284
-1551.56,200,120.116725
-974.72,200,120.446208
319.98,6,120.459217
320.97,9,120.474029
-1996.04,200,120.886366
300.3,14,120.915375
-852.88,200,121.287644
-358.8,80,121.427166
-720.3,118,121.634233
-1674.08,200,122.065681
-2147.72,200,122.522688
262.05,17,122.550676
199.64,76,122.713435
-1165.36,200,123.044722
-2076.2,200,123.391643
-2031.72,200,123.736866
-2113.88,200,124.094307
-1882.16,200,124.482879
-2115.8,200,124.895015
-693.6,200,125.409497
-2153.72,200,125.765874
-527.3,110,125.995623
-1826.2,200,126.349192
303.33,1,126.350191
-2079.56,200,126.730199
-1255.2,200,127.111526
-2127.44,200,127.464788
-2102.72,200,127.946194
-2049.32,200,128.301625
-1977.32,200,128.65078
-2133.2,200,128.990115
-1807.52,200,129.337295
-1667.16,200,129.692291
-1692.0,200,130.02846
-1244.13,167,130.331696
-1803.72,200,130.783072
-1375.48,200,131.145785
-1551.16,200,131.546186
316.65,5,131.556643
-2062.8,200,131.890285
-2177.36,200,132.261417
-1579.32,200,132.61316
-2072.96,200,132.97584
-2063.24,200,133.484418
-2082.56,200,133.865567
-1711.16,200,134.207081
-31.53,43,134.308402
307.65,5,134.320902
-2327.36,200,134.67406
334.29,13,134.693072
323.31,7,134.705784
-803.96,136,134.937033
-2139.8,200,135.297954
-1287.44,200,135.642134
-2228.36,200,135.995345
-1726.52,200,136.446221
-2114.96,200,136.883126
-1835.72,200,137.23128
306.66,2,137.23828
-2042.24,200,137.589913
-2194.28,200,137.98967
309.99,3,137.992668
-2058.32,200,138.365372
-1888.04,200,138.717277
-2168.88,200,139.196735
-2210.28,200,139.554133
-2161.04,200,139.955026
-2179.28,200,140.382631
-2157.44,200,140.771837
-2131.64,200,141.177825
-1314.3,166,141.484815
-1986.88,200,142.001521
-1606.64,200,142.375628
-2261.36,200,142.75897
-2188.04,200,143.12006
306.66,2,143.121059
-2117.48,200,143.47164
293.49,5,143.483657
-2322.52,200,143.882305
-1269.64,200,144.254521
-998.72,200,144.6881
-2118.8,200,145.066682
-2288.36,200,145.456056
-1579.56,200,145.925116
-512.12,200,146.317725
-2220.44,200,146.850856
303.57,5,146.860209
15.48,32,146.920807
-2116.16,200,147.320071
-2049.2,200,147.688451
-257.3,86,147.851372
-1386.8,200,148.369646
313.32,4,148.384132
-2102.72,200,148.787485
-1327.8,168,149.090426
-861.8,200,149.52727
-2164.64,200,149.928906
-1587.15,197,150.289783
-561.84,200,150.695198
-1182.76,200,151.225818
-1455.36,200,151.563275
-2119.4,200,151.910034
-1470.44,200,152.275916
245.56,44,152.354027
-2358.44,200,152.723692
312.96,12,152.742695
-2034.16,200,153.109022
-946.6,200,153.469334
230.22,18,153.509521
-2251.04,200,153.990694
-1682.44,200,154.333754
316.65,5,154.341739
-1199.4,200,154.793285
-2242.28,200,155.173345
-1845.8,200,155.525568
329.97,9,155.545569
324.3,10,155.568573
-2206.88,200,155.89221
-2203.28,200,156.239162
-1554.88,200,156.559333
-2055.32,200,157.067275
-2169.2,200,157.419313
-563.68,200,157.815572
320.97,9,157.833573
-2206.64,200,158.201421
-2196.2,200,158.58329
-2317.68,200,158.935164
-2298.68,200,159.31213
-2003.48,200,159.88387
-1142.04,200,160.26023
-2057.12,200,160.618458
326.64,8,160.632029
-2248.52,200,161.002794
-1016.72,200,161.367054
-2151.8,200,161.735719
-1613.04,200,162.131197
-2072.4,200,162.493418
-633.44,200,162.966608
-2080.64,200,163.337245
-642.36,200,163.719536
-612.76,200,164.087047
-1862.12,200,164.460609
-545.28,200,164.807626
-564.44,200,165.275138
-1996.16,200,165.660889
-1795.4,200,166.028422
-2052.2,200,166.427084
326.64,8,166.44408
323.31,7,166.468086
-1002.15,141,166.787158
-1467.96,200,167.147748
-1451.44,200,167.538792
-676.8,200,167.910372
-980.52,124,168.265544
-240.45,63,168.378999
202.66,46,168.464432
331.95,15,168.498875
-678.8,200,168.843804
-2246.12,200,169.240788
-1945.16,200,169.572787
331.95,15,169.625311
-758.71,117,169.834628
292.05,13,169.860945
-2130.56,200,170.211724
316.29,13,170.241568
17.97,37,170.303916
-1916.52,200,170.690265
-2255.12,200,171.043663
-2250.2,200,171.558618
-1204.6,200,171.937382
-685.8,112,172.130736
306.66,2,172.137646
-963.28,200,172.508558
-501.45,87,172.661396
-2195.96,200,173.034429
323.31,7,173.047671
-549.6,200,173.403698
326.64,8,173.416719
306.66,2,173.422703
-1205.07,161,173.712846
-2138.96,200,174.214152
-2111.12,200,174.595392
-2185.52,200,174.951776
336.63,11,174.970567
-35.88,80,175.11277
-2332.52,200,175.467118
-581.2,200,175.81112
-2374.76,200,176.293113
-2250.2,200,176.667022
243.7,58,176.801527
-615.68,200,177.157455
-2006.48,200,177.570425
-534.9,154,177.849203
-561.39,181,178.161163
-2164.28,200,178.527857
-1772.76,200,178.903976
-612.12,200,179.391114
-1925.72,200,179.778284
-1202.8,200,180.117692
-2095.04,200,180.476598
-2163.44,200,180.855067
-500.79,89,181.016483
-2153.48,200,181.372741
343.53,17,181.402754
-1098.92,200,181.738421
-1085.64,148,182.140486
-2124.04,200,182.474172
-727.2,200,182.822785
-144.54,54,182.920497
-2179.88,200,183.270848
306.66,2,183.272846
-2138.72,200,183.796374
-822.44,200,185.23784
-609.6,200,186.33482
-2090.28,200,187.408614
329.97,9,187.460618
335.28,16,187.850849
-373.23,85,188.433037
-2114.28,200,189.495515
104.28,36,189.672898
300.15,7,189.724435
-488.22,94,190.207196
-685.55,117,191.124186
-2189.72,200,192.158668
-213.72,68,192.532236
-1874.16,200,193.616246
-1006.95,133,194.550506
-2072.12,200,195.553182
309.99,3,195.578188
-1573.48,200,196.606612
-644.6,200,197.631264
-2232.44,200,199.007916
-1745.36,200,200.093733
-190.69,71,200.473521
-1779.68,200,201.87185
323.31,7,201.913422
-668.44,200,202.94118
-2093.4,200,204.01458
-5.85,35,204.188558
303.36,20,204.295074
-2135.12,200,205.561478
-2066.48,200,206.778815
-2069.96,200,207.820132
-1059.12,200,209.174311
-606.52,200,210.216469
-2004.08,200,211.238744
-2239.28,200,212.582784
-1454.64,200,213.601495
-2152.28,200,214.643446
-2294.68,200,215.737498
-1293.2,200,217.136314
-362.52,68,217.520851
238.64,16,217.619395
-2255.12,200,218.761819
-2336.36,200,220.177625
-2242.52,200,221.199682
-621.52,200,222.235946
-2204.36,200,223.29133
-2043.56,200,224.70451
-1757.08,200,225.763817
-2189.96,200,226.818887
-2206.04,200,228.191469
-1602.39,197,229.199867
-1297.71,165,230.08817
-2174.12,200,231.156391
-1692.64,200,232.412748
-1513.56,192,233.447931
-711.88,200,234.473971
-2120.12,200,235.946097
-568.76,200,236.955455
-1152.24,200,237.988489
-2046.2,200,239.025177
-1886.4,200,240.076065
-1405.64,200,241.08324
-620.44,200,242.094341
-2160.8,200,243.129312
-2192.96,200,244.154851
-1912.4,200,245.408991
-2146.88,200,246.449468
-2130.8,200,247.482789
-2016.2,200,248.474306
-687.52,200,249.499062
-2093.72,200,250.496543
-2072.52,200,251.517951
-1570.8,200,252.547671
-1435.48,200,253.892705
313.32,4,253.912698
-2022.48,200,254.998677
306.39,11,255.075734
278.64,12,255.134733
-1218.03,153,255.913362
-2227.28,200,257.293414
-578.76,200,258.351998
-1332.52,200,259.36921
-618.76,200,260.36593
-1310.76,180,261.569996
-2238.2,200,262.601402
-2103.32,200,263.607973
306.56,12,263.672522
-2248.28,200,264.697241
-2173.04,200,266.184131
-652.05,107,266.746345
-2131.88,200,267.776697
-74.13,51,268.057783
-682.6,200,269.145104
-924.8,200,270.1864
-719.64,200,271.543535
-1643.68,200,272.557823
-2031.2,200,273.590538
-2068.32,200,274.620039
-2237.96,200,275.991462
-1597.36,200,277.02003
-2073.8,200,278.078923
-228.87,61,278.386654
-648.68,200,279.783275
-426.87,85,280.220114
-2158.04,200,281.351501
-233.1,54,281.648232
-2172.8,200,282.709522
-618.76,200,284.090448
-2097.32,200,285.20623
-691.84,200,286.248876
-2144.96,200,287.276084
-2371.76,200,288.633635
-2165.12,200,289.667786
-2006.24,200,290.704088
-1582.95,193,291.682737
-2268.2,200,293.04299
-2178.64,200,294.074208
-1283.12,200,295.507113
-2182.28,200,296.579386
-2227.28,200,297.644924
-1995.56,200,298.723812
303.48,8,298.770803
-1912.88,200,299.876355
-603.12,104,300.406676
-2120.64,200,301.446084
-2142.8,200,302.471374
-1606.0,200,303.507012
-2284.28,200,304.53969
-633.78,102,305.082333
-1406.49,187,306.067211
-2239.88,200,307.136413
-2267.36,200,308.167322
-1369.4,200,309.546576
303.33,1,309.550577
-2143.64,200,310.578027
-826.44,200,311.597631
-1907.4,200,312.615094
-718.38,110,313.192439
72.46,134,313.86474
-1543.72,200,314.89384
-1347.8,200,316.267331
-2078.2,200,317.281522
-1058.2,200,318.684075
211.29,25,318.826168
83.9,50,319.082262
-2117.96,200,320.094373
-970.28,200,321.091393
-574.04,200,322.449245
-1433.28,200,323.482817
-1366.56,200,324.49533
-1276.04,200,325.8987
-2212.28,200,326.919206
-2132.96,200,327.969396
-522.3,98,328.483528
-2273.28,200,329.825536
-455.31,165,330.671997
-1562.88,200,331.76072
310.14,10,331.804757
-2005.32,200,332.848494
-711.13,123,333.848004
-2180.72,200,334.924039
-2068.4,200,335.960352
-2063.24,200,337.159117
-1917.28,200,338.198378
-2089.88,200,339.244122
-2215.04,200,340.2928
-1125.52,200,341.713622
151.11,35,341.895228
-631.52,200,342.969788
-1712.72,200,343.997241
316.65,5,344.026271
-2220.44,200,345.365619
-640.68,200,346.485233
-1929.44,200,347.613432
-2084.48,200,349.059455
-2052.2,200,350.179657
-2024.24,200,351.285074
-2190.2,200,352.368907
-2077.88,200,353.817024
-2101.88,200,354.849621
-1569.52,200,356.321508
-2170.88,200,357.355152
-882.2,200,358.378934
-1774.6,200,359.398433
-2296.04,200,360.3307
-2187.8,200,361.427889
-2128.88,200,362.4732
-1158.54,146,363.215109
-2190.2,200,364.327369
-1605.28,200,365.370251
-2304.44,200,366.48166
-1093.61,159,367.347232
313.32,4,367.380911
135.79,115,368.47978
-2208.2,200,369.595474
-2191.28,200,370.670106
-2253.44,200,371.71924
-2264.12,200,373.146098
-2198.12,200,374.276714
-1604.4,200,375.347528
-2267.6,200,376.820847
-2157.8,200,377.894068
-1231.96,200,378.967879
-1690.48,200,380.402482
141.65,105,380.944502
-2209.28,200,382.004927
-2116.96,200,383.110783
-1440.04,200,384.489959
-2138.96,200,385.616953
-2174.64,200,389.059994
