#{"t_start": 1780164336.352212, "env_id": "None"}
r,l,t
-428.056087,192,0.183649
-1867.56,200,0.268167
-1240.48,200,0.32265
-1046.4,200,0.405957
180.72,32,0.431429
-897.226087,140,0.502343
35.243333,67,0.522793
84.623448,60,0.556121
-1336.28,200,0.663555
107.335263,59,0.704022
-1162.56,200,0.818797
-1782.96,200,0.944084
-25.605,77,0.988095
-1474.44,200,1.164534
300.74,4,1.179839
36.154211,67,1.329894
-999.04,200,1.674863
-1013.16,200,1.977643
-1221.32,200,2.284589
-1156.68,200,2.632078
-511.550539,178,2.907545
-197.334211,107,3.108816
198.94,26,3.160061
-1703.68,200,3.512985
-1796.72,200,3.861453
-1037.68,200,4.325491
-1435.88,200,4.636064
348.33,1,4.637061
-602.171176,177,5.214023
206.2,36,5.312817
-243.722973,137,5.664559
-66.457143,84,5.876614
175.153333,58,5.978766
275.603333,27,6.027498
9.750909,46,6.108507
-1193.72,200,6.559455
-1744.56,200,6.975549
-1875.16,200,7.313563
-432.647586,158,7.584145
-203.321818,110,7.756616
-586.865944,151,8.111249
-831.20896,185,8.389256
-1056.64,200,8.702175
-1053.16,200,9.003748
52.911176,73,9.140487
50.3,18,9.184862
-1368.4,200,9.639808
-1957.48,200,10.285909
-151.651748,117,10.721083
-575.788318,131,11.150504
-1252.855517,183,11.780811
213.305,32,11.889767
-1043.4,200,12.694815
312.9,6,12.708633
234.470526,38,12.833312
-260.9,110,13.16875
150.383846,57,13.395727
-1144.12,200,13.943694
-148.972195,46,14.129444
-1182.68,200,14.643801
-1726.48,200,15.054638
-1401.48,200,15.546013
-1154.8,200,15.981476
-1353.6,200,16.539435
131.638049,44,16.61757
-420.339933,163,17.037895
-1605.72,200,17.546622
-1160.32,200,18.085515
324.452857,7,18.123051
-1149.04,200,18.639359
-161.484286,67,18.816737
-477.80339,180,19.225693
186.3875,39,19.299686
-1069.56,200,19.760256
-738.694789,145,20.151266
-139.016604,112,20.402344
-1345.32,200,20.869483
-1254.88,200,21.323544
-1240.56,200,21.720138
-244.074255,141,22.009827
-524.673077,112,22.245277
-88.0875,114,22.557899
-1246.04,200,22.91201
-1755.76,200,23.264831
-61.092222,81,23.421057
-93.654898,111,23.600842
-133.274742,107,23.77492
-1251.52,200,24.183709
-1643.4,200,24.619318
-1694.12,200,25.019732
231.555455,41,25.097581
317.844545,11,25.136279
-646.814404,159,25.458993
61.434545,66,25.60027
-362.485,89,25.831326
-1313.68,200,26.357528
121.984776,74,26.573375
260.274615,13,26.605259
-1148.76,200,27.080784
-38.213494,92,27.281025
-1813.32,200,27.665854
-490.570382,169,27.984259
-2177.08,200,28.343146
-561.827288,181,28.656851
-950.224706,182,29.018953
-858.178537,178,29.441313
147.94,30,29.498525
178.838605,54,29.59626
277.98,10,29.610601
-1095.2,200,30.00839
-1320.56,200,30.587849
-319.893103,58,30.733929
335.026364,11,30.764464
330.407647,17,30.821201
-1627.64,200,31.368602
-330.354472,165,31.825826
-1096.6,200,32.374823
95.855102,54,32.543749
-150.0675,100,32.795905
-1127.4,200,33.48439
-46.466531,102,33.81756
237.601176,38,33.922448
-1293.36,200,34.455675
-459.983907,157,34.722072
166.17,29,34.793793
280.165455,22,34.836365
56.92,76,35.043147
-138.436486,81,35.18921
-1477.48,200,35.668376
-210.925714,108,35.981968
-323.230909,110,36.265669
-643.577134,191,36.744899
-181.739451,109,37.005348
-1214.48,200,37.41864
-291.946471,111,37.725991
224.398182,44,37.836053
88.266316,58,37.99819
-208.545652,119,38.331001
-301.916331,165,38.826963
-1.182727,77,39.028042
-1829.8,200,39.597206
308.79,19,39.65393
199.715455,33,39.750622
-1273.88,200,40.310021
-1658.16,200,40.782801
-1516.36,200,41.249379
62.785263,68,41.39108
-1094.56,200,41.893525
-537.7075,132,42.281291
-114.073832,110,42.619497
-1360.673826,152,43.133229
6.910909,66,43.333443
36.765455,66,43.586769
-1312.04,200,44.256085
282.06,12,44.468118
-130.547273,110,45.068976
305.000769,29,45.197323
208.813684,42,45.385286
233.694286,22,45.467675
-32.805385,65,45.73247
138.47,19,45.817479
145.02,50,45.986677
-451.61355,179,46.693161
351.66,2,46.696334
-232.632632,118,47.229471
-502.78044,110,47.577777
-66.118919,76,47.833666
-1108.68,200,48.566092
219.715455,33,48.710829
-1705.52,200,49.322266
-263.807273,144,49.776329
-1142.2,200,50.407373
-1593.59,193,51.112909
-1422.68,200,51.84629
-17.933333,56,52.036089
-214.454717,130,52.406231
351.66,2,52.419142
-226.132162,139,52.806424
-437.197686,132,53.125666
332.193529,17,53.156285
-414.104953,107,53.429137
361.65,5,53.445318
76.444651,44,53.596435
312.66,4,53.607038
-651.00646,164,54.006122
-794.087568,148,54.386042
358.32,4,54.396354
-1485.08,200,54.865346
-1164.68,200,55.599687
34.545,76,55.759789
-93.272308,78,55.992354
-1194.84,200,56.556459
-4.79,77,56.808645
-74.25932,103,57.104219
79.361509,72,57.267464
231.18,40,57.387015
-126.054878,83,57.57146
266.42,30,57.672161
-235.283043,115,57.92521
-257.129178,89,58.16525
173.002041,50,58.27039
-249.21,75,58.428304
-60.802632,57,58.548235
348.33,1,58.551408
166.215,48,58.646157
-185.560909,117,58.861953
14.551525,74,58.990594
-2190.96,200,59.361123
-1161.16,200,59.745231
-59.454935,81,59.960009
-158.330099,114,60.161513
351.66,2,60.161513
-48.431935,71,60.352377
-1106.76,200,60.796017
-1589.4,200,61.162342
278.675,16,61.185219
273.405652,23,61.226648
235.312105,19,61.262721
220.05,16,61.290453
100.144615,40,61.367873
-517.073529,171,61.68507
119.965,63,61.794323
193.48,22,61.840599
-237.905714,106,62.056768
-1165.72,200,62.448664
351.66,2,62.461916
-1384.64,200,62.904531
-1198.8,200,63.294034
19.997143,84,63.459871
89.326087,50,63.538219
268.14,18,63.575451
252.73,9,63.594872
-265.790909,102,63.862514
-1354.28,200,64.254565
249.64,24,64.297888
-89.218276,103,64.488685
-7.07,72,64.623894
-1185.12,200,65.078497
159.832903,66,65.192805
-302.514898,129,65.423982
-297.345,123,65.698611
284.95,19,65.73537
306.014545,12,65.778901
-1111.88,200,66.185225
24.41,81,66.363192
200.53,33,66.424308
296.46,18,66.456084
293.37,21,66.522121
120.75,40,66.589579
265.998966,29,66.668672
-354.098462,144,67.05723
-302.092162,111,67.451742
259.285294,17,67.491104
165.89,16,67.541491
346.31,7,67.559335
-1275.2,200,68.191408
127.348182,33,68.571417
359.13,15,68.645009
20.903333,81,68.947014
-230.80814,131,69.441408
213.72,16,69.504113
144.477273,55,69.716741
-366.283043,119,70.1958
-648.287961,106,70.530225
-1623.4,200,71.235953
-1347.56,200,71.960749
294.21,16,72.026402
71.946471,77,72.277991
-1257.08,200,73.015206
-1221.28,200,73.771723
-1675.28,200,74.37129
-1765.28,200,74.904506
300.527692,14,74.926107
364.38,12,74.961731
-1332.16,200,75.421768
-240.293009,121,75.755816
96.561818,66,75.954955
-141.93871,62,76.10142
-1976.32,200,76.983864
-594.681006,191,77.639306
307.86,24,77.714318
336.9,6,77.731458
232.902609,24,77.800086
-177.225116,132,78.183147
221.322609,34,78.293291
-215.375161,103,78.612796
-1157.44,200,79.234004
334.65,5,79.241008
101.965574,66,79.462801
-644.076383,189,80.025968
-290.011351,74,80.251754
286.95,35,80.371663
239.82,12,80.414425
-1183.84,200,80.97587
234.294615,39,81.081461
237.128947,19,81.139889
361.65,5,81.162835
235.472069,29,81.250725
200.700588,51,81.42573
293.924545,11,81.457464
-111.506842,95,81.768496
161.76,38,81.885233
171.8675,38,82.013628
313.96,18,82.061
278.655714,21,82.144237
348.62,18,82.202542
62.876364,56,82.329521
101.277273,55,82.478747
260.732609,23,82.541419
293.425714,14,82.575645
354.99,3,82.589216
351.66,2,82.589216
279.21,23,82.663529
329.63,13,82.687089
300.005714,16,82.747281
62.905714,42,82.882018
-608.39,157,83.485484
-1414.96,200,84.038271
117.395455,33,84.119215
-540.155,82,84.31365
184.081429,43,84.389219
-228.871429,150,84.75686
-1526.92,200,85.298998
262.655714,21,85.360494
-912.414211,103,85.760538
-85.336087,101,86.001765
-1193.12,200,86.589051
122.962308,39,86.667638
-231.633796,145,87.019278
-1265.8,200,87.423995
269.681429,29,87.471844
336.186364,15,87.499753
162.841628,57,87.616683
-818.336452,195,88.049525
-1359.16,200,88.492105
139.881818,22,88.546496
-1354.76,200,89.045736
-526.93,151,89.302249
361.48,8,89.315934
124.448065,31,89.366305
-1023.715263,175,89.745353
-788.335455,165,90.045174
279.471739,31,90.106665
263.89,25,90.155502
201.918966,29,90.242027
316.22,10,90.265885
-1625.56,200,90.861609
-469.396842,98,91.080471
-697.292941,154,91.423715
293.659412,17,91.458893
332.292857,7,91.480208
354.99,3,91.494193
318.02,20,91.553969
222.68,36,91.621809
-36.897073,46,91.709656
-1161.470785,196,92.113107
332.292857,7,92.134584
102.02,46,92.216091
-247.337961,105,92.456185
228.38,18,92.494012
-566.013784,93,92.733949
283.73,9,92.759345
-1604.0,200,93.181422
-464.262577,97,93.369615
-1365.92,200,93.780603
-1273.36,200,94.197808
-1445.44,200,94.711759
334.65,5,94.711759
-476.20918,128,95.067983
-1245.48,200,95.780719
348.33,1,95.78372
-1353.72,200,96.541215
318.63,15,96.615422
354.99,3,96.645353
-248.89093,95,97.057101
219.184286,27,97.154187
-1766.48,200,97.894104
354.99,3,97.906989
364.98,6,97.943891
-13.481935,62,98.144322
228.230526,38,98.267421
351.66,2,98.277426
354.99,3,98.294888
95.674118,34,98.410709
-1800.4,200,99.297675
-682.050811,188,100.080413
360.87,16,100.149158
-1161.16,200,100.970482
326.82,6,101.006252
316.975714,21,101.095447
298.515714,7,101.132413
190.723171,41,101.27837
-1433.08,200,102.031816
-1349.16,200,102.723253
-1825.6,200,103.18366
-146.60283,69,103.395515
316.435714,7,103.414803
-1333.16,200,103.83572
134.861628,43,103.921079
-95.009451,102,104.22926
-1492.68,200,104.662288
-1456.2,200,105.155151
311.72,12,105.17959
-933.983631,161,105.469698
40.697647,68,105.609897
350.288182,11,105.637244
39.712857,77,105.793175
-163.844211,96,105.969628
-248.225135,79,106.166665
295.445294,17,106.206442
-428.673784,111,106.465124
348.33,1,106.47244
268.143636,22,106.524374
308.65,9,106.541405
-760.68,200,106.955149
312.357692,13,106.981361
-2098.52,200,107.401116
242.812727,22,107.476603
-1.522727,55,107.633025
332.9,6,107.65036
52.815714,57,107.82312
268.79,21,107.856326
-1314.68,200,108.327779
-1504.44,200,108.72499
337.23,8,108.750132
41.303636,90,108.920157
253.14,12,108.932719
284.65,21,108.972988
355.97,9,108.993348
-990.08,200,109.509005
338.203846,13,109.5489
325.31,8,109.582434
-348.790099,108,109.799674
-942.4,200,110.233117
287.983636,22,110.270659
-335.101475,137,110.567317
265.345714,14,110.593521
228.45,25,110.631222
206.43,39,110.706841
299.474545,22,110.742753
69.428182,33,110.835518
-29.07,57,110.96008
361.65,5,110.976542
157.02,40,111.055094
168.813333,64,111.214717
-1485.32,200,111.740269
354.99,3,111.746424
351.66,2,111.757268
289.858947,20,111.816351
285.894545,40,111.935451
263.98,10,111.961684
247.819412,17,112.001052
45.975,96,112.220536
368.31,7,112.241976
320.372857,7,112.268758
-1154.98,200,112.669307
-630.897097,161,113.071751
237.208947,19,113.109942
-1604.52,200,113.480699
323.542857,12,113.502031
-1458.36,200,114.085704
94.51,66,114.236011
311.72,12,114.272983
327.06,8,114.291099
342.372857,7,114.303078
-1360.84,200,114.685055
326.82,6,114.695131
303.266364,11,114.730442
31.795,65,114.898918
297.81,9,114.912345
-1229.44,200,115.345804
342.372857,7,115.361171
-519.888849,139,115.665507
250.550526,38,115.746474
-679.52542,131,116.027104
-1110.273488,188,116.482063
348.33,1,116.488188
-236.156486,77,116.700135
139.53,40,116.836775
-48.865593,91,117.03689
337.23,8,117.075503
342.448182,11,117.108428
-1521.8,200,117.544966
-1311.16,200,118.129925
363.23,7,118.138728
258.06,10,118.168978
269.565652,23,118.227321
69.96,90,118.425436
157.78,30,118.501049
231.85,45,118.592663
178.26,36,118.657189
-877.337852,158,118.933219
-855.574706,175,119.372979
197.597692,29,119.470366
53.385882,52,119.638869
196.802308,39,119.833559
332.39,11,119.878148
315.23,8,119.89283
331.29,17,119.919624
354.99,3,119.928299
351.66,2,119.940388
-334.986531,98,120.139555
-77.025,100,120.321835
181.758966,37,120.446218
-1431.12,200,120.85638
-16.357692,65,120.970821
361.65,5,120.978409
362.556316,19,121.025952
79.880909,67,121.167171
96.971343,72,121.308818
-1337.522632,125,121.564454
-643.612439,149,121.952431
250.455714,29,122.048761
-1391.92,200,122.634715
173.318537,46,122.870515
361.65,5,122.886951
320.49,5,122.911302
277.284783,49,123.056957
86.78,42,123.200465
-244.42,72,123.432258
-12.935593,68,123.60367
-749.463636,178,124.160815
296.356364,32,124.259441
-1358.96,200,125.042464
-506.49,135,125.44617
185.644615,54,125.656279
-467.286066,131,126.115027
61.526471,51,126.292858
272.14,10,126.338818
286.69,24,126.398025
215.115,51,126.586566
288.2,20,126.649156
329.122308,27,126.755897
338.701765,17,126.820489
326.82,6,126.855153
21.864225,72,127.11117
-1684.08,200,127.757421
-1062.214783,138,128.213764
-715.992941,168,128.787067
-1685.44,200,129.390018
-1280.52,200,129.898568
76.37,32,129.999049
260.4,12,130.041847
328.712308,26,130.166047
58.436087,73,130.444047
-483.708507,167,130.982841
310.040769,13,131.004827
361.14,14,131.026917
148.304286,55,131.170751
-1790.48,200,131.6567
249.49,5,131.674447
27.94,54,131.778719
-1829.24,200,132.326208
295.579412,17,132.376834
-237.192857,71,132.600124
349.64,8,132.616945
371.64,8,132.643128
254.279231,27,132.711354
-1032.956154,85,132.958847
348.33,1,132.958847
-905.44,200,133.474889
-477.561864,119,133.733023
336.32,4,133.739043
-23.461429,75,133.892761
325.31,8,133.921223
185.118293,41,134.068865
79.292927,41,134.184591
352.86,20,134.240672
209.164615,38,134.375747
333.276364,12,134.41346
351.66,2,134.41346
-62.777143,76,134.625311
-1374.64,200,135.452247
-1545.68,200,136.306006
354.99,3,136.321307
354.99,3,136.350809
296.114783,28,136.480162
358.32,4,136.503301
136.03,35,136.609975
338.912857,21,136.657712
368.31,7,136.690989
-1673.72,200,137.312722
161.18,42,137.437997
-574.94,126,137.703655
184.42,30,137.770599
247.026364,11,137.798684
332.292857,7,137.829139
279.288947,19,137.868075
252.601429,23,137.92205
-1753.12,200,138.386961
-1330.12,200,138.917458
320.448182,11,138.942614
-829.8,200,139.343338
-726.088235,102,139.552073
220.626154,26,139.608414
351.66,2,139.608414
-1694.16,200,140.12804
340.98,6,140.152954
-91.592632,98,140.435715
-1649.32,200,141.084578
267.496364,22,141.154397
-63.488947,129,141.630886
-1960.12,200,142.190086
-1358.96,200,142.696257
-883.48,200,143.220148
230.245714,60,143.366108
231.232105,19,143.398
-933.468266,175,143.945529
8.639231,39,144.064225
186.096667,27,144.180195
329.66,2,144.216766
296.73,9,144.25982
-1302.16,200,144.897738
-112.836087,71,145.141984
-53.093103,58,145.330451
358.32,4,145.34152
340.98,6,145.368851
360.3,10,145.393303
299.924545,11,145.422865
330.57,5,145.435851
364.98,6,145.452025
-720.70814,141,145.931388
316.435714,7,145.970273
364.98,6,145.987498
361.65,5,146.014717
342.98,6,146.035561
347.31,8,146.056493
-2031.68,200,146.700805
361.65,5,146.732972
-769.194706,173,147.224822
-979.283418,79,147.468499
-410.128716,109,147.706021
-117.417143,140,148.092978
243.78,30,148.156273
99.23,27,148.23957
354.99,3,148.24446
-516.453684,178,148.768063
355.97,9,148.794367
351.66,2,148.794367
290.9,6,148.812492
-92.371791,67,148.977446
-135.658491,122,149.230562
316.22,10,149.268799
-1378.88,200,149.72094
-362.495714,97,149.950471
-83.82,84,150.09951
-24.534694,52,150.191369
348.522857,14,150.216404
336.32,4,150.222715
86.732069,107,150.441326
-878.772308,156,150.748438
-358.032766,94,150.95871
-1062.04,200,151.508176
361.65,5,151.528355
-71.684694,49,151.661882
332.292857,7,151.680302
178.456667,27,151.772653
-1880.92,200,152.450034
297.52,24,152.559992
329.39,8,152.594197
349.64,8,152.631381
-1814.416495,196,153.192079
32.11,83,153.476362
-1501.12,200,154.142798
340.98,6,154.155121
113.29,67,154.401831
361.65,5,154.422899
309.583846,27,154.52848
-227.83209,67,154.782105
361.65,5,154.795136
330.542857,8,154.824229
358.32,4,154.842677
163.095517,29,154.982216
355.97,9,155.031956
370.616923,14,155.097354
364.98,6,155.114541
-1810.4,200,155.863523
282.363529,18,155.941528
-2077.72,200,156.708564
-1098.12,200,157.317607
-1579.92,200,158.006227
318.94,20,158.082632
299.63,15,158.137245
326.118571,21,158.202375
-1886.4,200,158.958191
-1493.72,200,159.742804
326.82,4,159.757065
25.592174,46,159.930882
374.97,9,159.981771
-108.94,78,160.261582
336.32,4,160.275234
-197.435246,85,160.569053
200.35,63,160.771654
-737.6,200,161.421131
-461.813333,108,161.783059
-1865.68,200,162.613145
-1910.24,200,163.387451
62.237368,57,163.54921
349.64,8,163.570998
351.89,9,163.616626
4.1,60,163.873545
-1574.08,200,164.547737
354.99,3,164.552671
355.777826,23,164.629364
-235.01875,143,165.140928
-79.81,58,165.270272
-2058.04,200,165.945943
358.32,4,165.960236
-1414.88,200,166.550078
346.452857,7,166.561693
330.57,5,166.567715
-1976.56,200,167.06737
-2054.6,200,167.570767
-1666.4,200,167.988618
296.533846,30,168.041671
-1574.024706,170,168.355592
303.2,20,168.419141
360.3,10,168.44853
309.3,16,168.471995
-1995.2,200,168.943584
368.31,7,168.960495
-686.44,200,169.495799
341.23,7,169.513077
361.65,5,169.535296
-1705.48,200,169.982387
-1198.245217,194,170.546113
347.31,8,170.577811
376.191429,14,170.625416
-5.181818,158,171.165423
93.253684,38,171.305447
-4005.2,200,171.839296
374.97,9,171.869905
290.355714,7,171.91077
-1625.64,200,172.40945
-273.328657,178,172.829657
-1880.48,200,173.258635
-2043.6,200,173.67102
-661.68,200,174.02809
-2194.2,200,174.430179
7.824545,97,174.632423
346.31,7,174.654716
-3053.04,200,175.076416
346.71,15,175.119075
-633.52,200,175.581394
-1000.8,200,175.942674
-782.934828,145,176.355057
-890.532632,192,176.71471
109.14,30,176.766655
351.66,2,176.772505
364.98,6,176.793363
-969.39,125,177.146625
-1418.28,200,177.54098
-2294.36,200,177.98277
-884.6,200,178.385571
-307.306957,138,178.638845
124.728621,29,178.696674
-6437.52,200,179.099214
324.452857,7,179.099214
-662.44,200,179.587525
-1028.88,200,180.033974
-1873.28,200,180.780068
352.97,9,180.870132
-1043.816875,128,181.471867
-588.76,200,182.838516
-9.912857,35,183.044556
251.208947,19,183.152359
-834.002791,192,184.150574
-2150.96,200,185.04808
354.99,3,185.084279
-2080.2,200,186.519185
-957.392727,132,187.261938
329.66,2,187.265953
-423.514286,84,187.700685
290.9,6,187.74653
-2216.36,200,188.998055
240.288182,11,189.061344
88.78,42,189.276626
-367.727368,76,189.68004
-2012.96,200,190.608534
351.66,2,190.625401
97.102857,144,191.373455
355.97,9,191.414512
-1178.56,200,192.407895
-2109.4,200,193.399893
-1124.203907,151,194.070792
-2140.04,200,194.805532
324.06,10,194.832396
97.128235,34,194.928742
130.04,36,195.024889
-2278.52,200,195.705324
-2323.84,200,196.448428
361.65,5,196.477382
-1744.16,200,197.29182
-1195.28,200,198.181694
-2026.64,200,199.01178
-599.86,90,199.320364
-2172.4,200,200.018082
-812.46,120,200.36472
169.444286,21,200.466929
-2151.44,200,201.134667
-2919.88,200,201.844823
-821.362857,126,202.582338
-978.24,200,203.210813
-599.76,200,203.866056
-2917.32,200,204.761548
332.99,3,204.773835
-2203.8,200,205.692174
-2138.72,200,206.407416
-2137.88,200,207.262864
336.32,4,207.287613
231.657647,70,207.80125
348.33,1,207.813558
-2073.88,200,208.608277
-1888.48,200,209.314792
-2049.16,200,210.024316
310.3,12,210.060934
364.98,6,210.085807
-1939.92,200,210.866386
-594.36,200,211.462134
-2153.72,200,212.09998
-642.52,200,212.734618
-1098.6,200,213.309849
-2151.04,200,213.939887
351.66,2,213.955462
-1512.48,200,214.658127
-2170.04,200,215.284196
-2200.28,200,216.689326
-1065.314545,132,217.350513
189.783846,91,217.777094
-85.437273,153,218.616048
-2112.72,200,219.625869
-964.640465,130,220.184067
361.65,5,220.213664
-2120.72,200,221.327474
364.98,6,221.367354
-2302.8,200,222.651166
-970.531429,128,222.991175
-593.68,200,223.467328
-2245.28,200,223.993979
-2891.72,200,224.545663
-2308.68,200,225.06507
-2284.04,200,225.638818
-5256.72,200,226.330368
354.99,3,226.34709
-1860.64,200,226.885168
-2193.8,200,227.466852
-2036.72,200,228.336255
-2201.12,200,229.038276
-210.851429,56,229.264314
-1804.88,200,230.02509
-3922.88,200,230.680897
-2240.44,200,231.198926
-3328.36,200,231.788393
358.32,4,231.797019
-1521.48,200,232.632396
-2149.88,200,233.399543
-551.28,200,234.01897
-1378.52,200,234.477097
-560.84,200,235.086058
-2250.2,200,235.685846
90.475946,37,235.78099
-564.76,200,236.489724
-1254.16,200,237.01939
-2152.96,200,237.571363
-1531.298377,191,238.105499
-1751.36,200,238.675376
-2405.524516,186,239.414593
-2152.44,200,240.04295
101.82,24,240.118556
-2595.12,200,240.62627
336.32,4,240.64004
-2175.8,200,241.163095
351.66,2,241.182317
-2089.88,200,241.744673
-2286.2,200,242.440236
-2204.12,200,242.976455
358.32,4,242.992036
-2614.12,200,243.475466
361.65,5,243.490179
358.32,4,243.494187
-2351.28,200,244.102916
348.33,1,244.105918
361.65,5,244.124542
-556.52,200,244.904036
-1639.88,200,245.543344
-584.76,200,246.619784
-2221.8,200,247.459986
-2037.32,200,248.295015
-698.68,200,249.268418
-2034.84,200,250.2406
-2004.44,200,251.082885
358.32,4,251.108069
-2436.12,200,252.194874
-2284.12,200,253.111951
-2382.68,200,254.347165
-407.260685,73,254.863854
-2094.8,200,256.012655
-2209.04,200,257.63291
-2221.12,200,259.156577
-3750.64,200,260.195906
-1275.943631,157,260.922688
-2076.56,200,261.649022
369.03,16,261.694589
-2300.8,200,262.403939
-1662.56,200,263.107329
358.32,4,263.122051
-1680.24,200,263.637234
-1188.44,200,264.170672
-1957.2,200,264.907395
-1599.56,200,265.468675
160.244615,34,265.532626
-2142.72,200,265.922278
-2369.28,200,266.361843
-2262.88,200,266.801092
-1971.08,200,267.339574
-2607.4,200,267.973972
-18.36,40,268.073697
-1309.36,200,268.677961
-2003.88,200,269.255139
360.368182,11,269.296477
368.31,7,269.330619
-2206.52,200,269.980914
-970.2,200,270.495865
-2225.04,200,271.129853
-2178.96,200,271.748411
-599.88,200,272.411767
-557.04,200,272.907041
-1744.72,200,273.483207
-463.439451,91,273.946919
348.33,1,273.950689
-212.082632,57,274.161057
-2342.36,200,274.77378
-2120.8,200,275.570626
-366.515135,74,275.826616
-1638.28,200,276.710929
-2874.2,200,277.455951
-734.76,200,278.103107
-753.96,200,278.780122
-2283.44,200,279.621942
-611.44,200,280.376171
-2233.52,200,280.956407
-1303.68,200,281.498654
-2203.88,200,282.284089
-2088.88,200,283.074027
-1043.56,200,283.899876
-2042.24,200,284.951302
288.292857,7,284.978491
-2199.2,200,285.677449
-656.68,200,286.388317
-1506.368728,173,287.356013
-865.56,200,288.203454
-653.96,200,288.900419
-1955.44,200,289.558218
-2236.52,200,290.320252
324.31,7,290.332434
334.65,5,290.350173
-1240.12,200,291.10462
-32.527959,49,291.244734
302.31,7,291.260492
-1777.8,200,291.873773
-2085.56,200,292.706544
-1331.6,200,293.526063
-1869.2,200,294.108277
-555.84,200,295.062112
-4207.44,200,296.544172
-2297.36,200,297.686509
-726.32,200,298.786261
-1798.2,200,299.657242
-980.56,200,300.634422
-272.136885,61,300.832958
-1162.4,200,301.644815
-2267.36,200,302.428421
-2141.12,200,303.108395
-2162.96,200,303.708471
-879.24,200,304.476625
-109.222577,97,304.876496
-2230.28,200,305.579036
-2277.28,200,306.311858
-386.63,155,307.040853
-2667.56,200,307.727432
326.82,4,307.759767
-2167.2,200,308.470522
-2129.96,200,309.248715
163.990909,22,309.286945
-1785.96,200,310.003212
-2075.12,200,310.819419
-2864.12,200,311.505929
87.23,27,311.621152
-2112.72,200,312.193137
-2289.96,200,312.639943
-2284.52,200,313.106244
-1681.502449,196,313.877852
-1729.88,200,314.615303
-2215.52,200,315.173297
-2130.28,200,315.849489
-1264.52,200,316.587103
-2333.36,200,317.454436
-2167.64,200,318.231327
-2689.72,200,318.825428
-1456.28,200,319.352931
296.98,6,319.394898
-3602.96,200,320.113907
312.14,42,320.221011
-3773.8,200,320.813898
-621.2,200,321.424587
213.99,15,321.471304
243.99,49,321.595
-579.76,200,322.446829
-2021.04,200,323.445373
-1833.4,200,324.344705
-552.92,200,325.188572
351.89,9,325.23327
-2078.56,200,325.927464
364.98,6,325.945215
-1819.84,200,326.553964
-940.51,177,327.045651
349.64,8,327.076229
-2150.88,200,328.010085
-1904.16,200,328.672058
-2213.36,200,329.334235
-2139.56,200,329.946641
-2206.64,200,330.774339
-4472.52,200,331.523144
-1352.96,200,332.023522
316.3,10,332.051731
-2137.56,200,332.830461
-1857.4,200,333.655548
-1624.2,200,334.604729
-2213.92,200,335.257239
-1872.64,200,335.799267
-1686.0,200,336.298599
-2217.44,200,336.944013
-1924.12,200,337.531222
-1196.28,200,338.208642
-616.77271,168,338.608209
-2495.64,200,339.291306
-4266.04,200,339.973477
-1628.88,200,340.436368
-1987.52,200,340.852086
371.64,8,340.867409
354.99,3,340.877588
-2336.84,200,341.30484
-2131.04,200,341.777616
-2222.36,200,342.312972
-1967.24,200,342.888218
-2109.72,200,343.304628
-608.860099,101,343.546254
-397.53,75,343.752953
-1521.12,200,344.31321
-2243.04,200,344.856437
-2068.4,200,345.329415
-2116.64,200,346.019603
-1781.48,200,346.60153
-1833.64,200,347.083002
-2153.36,200,347.636613
327.64,8,347.669082
368.31,7,347.710345
-1547.68,200,348.619178
-1387.04,200,349.270331
-886.4,200,349.963577
-231.65,93,350.252807
-1186.44,200,350.891519
-2274.44,200,351.649892
-1244.96,200,352.372345
-3060.32,200,353.262632
-2210.12,200,353.836623
-3330.72,200,354.325735
-156.434737,58,354.505934
-405.566471,85,354.865811
-966.14125,64,355.014018
-1179.4,200,355.566428
-1716.16,200,356.170819
-126.53,35,356.258852
-1055.04,200,356.808955
-773.6,200,357.746538
-2066.8,200,358.435617
-2230.88,200,359.083728
-1593.28,200,360.316553
-2240.52,200,361.454651
351.66,2,361.459648
-2730.96,200,362.893399
-150.984483,29,363.378208
-2293.16,200,364.429893
-469.061111,81,365.099616
-2204.12,200,366.094788
349.64,8,366.136371
351.66,2,366.140684
-598.28,200,367.272294
351.66,2,367.300936
-2248.28,200,368.301633
-1462.04,200,368.906447
-597.835714,105,369.322965
342.38,12,369.374772
-2245.28,200,370.199002
-1152.48,200,371.155131
-2294.36,200,371.933808
-2011.08,200,372.514587
-623.244175,103,372.807538
-2189.96,200,373.371825
-2349.72,200,374.091735
-2108.24,200,374.705853
-1213.9,166,375.293561
-561.68,200,376.238789
-2065.28,200,377.19566
-2702.64,200,378.226053
-2158.96,200,378.993449
-1818.36,200,379.51186
-1574.12,200,380.140115
-1868.64,200,380.640758
-1354.48,200,381.159253
-1281.24,200,381.65681
-1009.254828,145,382.008059
-582.6,200,382.482202
-590.04,200,382.923799
-558.52,200,383.346536
-2241.44,200,383.769659
294.3,10,383.780252
-1840.28,200,384.329609
-1503.023146,178,384.981484
-971.12,200,385.536831
-1577.76,200,386.032653
-2171.88,200,386.573307
-1048.44,200,387.082953
-980.37,135,387.547365
-548.4,100,387.846677
-578.68,200,388.293501
-2084.2,200,388.715524
371.64,8,388.729436
-2184.44,200,389.203572
327.64,8,389.219594
-2116.8,200,389.662714
-2201.6,200,390.149726
-1262.08,200,390.53653
231.47931,34,390.613208
-2323.36,200,391.000319
-2240.12,200,391.38803
354.99,3,391.400304
-1930.4,200,391.778794
-3089.44,200,392.166189
358.32,4,392.173715
-4440.52,200,392.786817
-1976.2,200,393.195709
-1971.8,200,393.605923
324.31,7,393.6213
-2195.28,200,394.074101
-1365.4,200,394.771683
-1302.48,200,395.386953
-189.906154,52,395.587976
-2210.12,200,396.222533
-2296.36,200,396.703639
-2239.88,200,397.200569
-611.68,200,397.603945
-1792.2,200,398.034532
-1199.72,200,398.618119
-2178.44,200,399.118226
-755.2,200,399.633501
-2203.88,200,400.137771
-577.912439,83,400.360611
-2263.88,200,400.936431
-2072.44,200,401.463253
-2186.12,200,402.190429
-2170.88,200,402.880695
-214.256145,110,403.17481
-2217.44,200,403.962409
-586.6,200,404.82019
-2137.88,200,405.73979
-2196.68,200,406.748174
-589.2,200,407.722769
-4260.96,200,408.472902
145.466923,39,408.584589
-2080.0,200,409.13548
-204.47,97,409.440062
-1602.48,200,410.065425
-1172.48,200,410.756886
-358.515,118,411.198964
-1214.76,200,412.108944
-2183.12,200,413.02405
-878.12,200,413.925324
-2195.04,200,414.616869
-1436.12,200,415.380756
-1413.52,200,416.148655
-1563.88,200,416.79858
-1265.04,200,417.340935
-870.84,200,418.085218
-2204.88,200,418.666051
-2128.28,200,419.13406
-1163.36,200,419.537982
-2232.2,200,419.962776
-2144.96,200,420.439711
-600.44,200,420.858578
-1201.2,200,421.251017
-2174.72,200,421.646714
-649.76,200,422.073893
-1825.12,200,422.483524
-1879.96,200,423.081415
-1408.72,200,423.506343
368.31,7,423.535661
342.98,6,423.547159
348.33,1,423.554046
-274.056885,61,423.6759
-39.718462,182,424.087917
-704.2,200,424.500808
342.98,6,424.512685
-471.28093,88,424.678231
351.66,2,424.687166
-596.56,200,425.156977
-2303.36,200,425.579071
-946.16,200,426.090395
-2168.96,200,426.49385
-985.36,200,426.939038
-2144.4,200,427.329529
-420.269438,90,427.523449
-596.68,200,427.944047
-845.97,124,428.18867
-2286.28,200,428.586545
-2078.64,200,429.106231
-2201.88,200,429.572824
-1123.88,200,429.953239
79.092857,35,430.037625
-1814.96,200,430.503834
-2002.84,200,430.897254
-313.000435,69,431.026072
-940.8,200,431.441062
-659.36,200,431.829784
-2135.64,200,432.321245
336.32,4,432.336998
-1490.28,200,432.697168
342.98,6,432.713278
-614.52,200,433.139563
-611.76,200,433.513156
261.025789,19,433.559313
348.33,1,433.559313
260.82,4,433.578861
-1854.32,200,434.01868
-1545.6,200,434.499575
371.64,8,434.517631
-690.72,200,435.029155
-2220.2,200,435.459112
-2233.28,200,435.844043
-2110.88,200,436.312182
-2121.8,200,436.799268
-2201.2,200,437.283578
-1694.12,200,437.939212
-1196.72,200,438.43406
288.191429,14,438.473536
-70.947872,47,438.653329
-359.26,94,439.01534
-1796.64,200,439.718747
351.39,8,439.749712
-214.980169,59,439.904597
-2223.6,200,440.489693
-2099.4,200,440.9478
-2162.96,200,441.421417
187.871538,13,441.452635
-2168.12,200,441.910962
-556.12,200,442.564354
-594.68,200,443.289655
-634.16,200,443.806134
-2262.44,200,444.411661
-770.72,200,444.850477
-1321.36,200,445.458698
-1493.8,200,445.955091
-2104.64,200,446.467748
337.63,11,446.491226
-948.44,200,447.274397
-1145.239934,151,447.727651
-1986.2,200,448.324602
-749.12,200,448.822995
-629.76,200,449.377395
-2056.4,200,450.004343
-1105.68,200,450.41499
-1821.8,200,450.885187
-645.32,200,451.247381
-2075.88,200,451.704653
-22.232581,141,452.154428
-108.361429,49,452.256321
-598.28,200,452.723988
-2186.28,200,453.116186
-2185.36,200,453.49594
352.97,9,453.518784
-707.863832,107,453.728987
-2323.52,200,454.321892
-2135.72,200,454.807518
296.031429,14,454.836488
-961.36,200,455.265295
-2315.12,200,455.761924
-618.6,200,456.344054
356.556316,19,456.395314
-614.52,200,456.9346
-598.36,200,457.347889
-605.84,200,457.768158
332.99,3,457.787573
-600.84,200,458.33359
-1301.52,200,458.87294
-2199.72,200,459.240148
-2274.2,200,459.647006
-2122.88,200,460.686171
-1654.68,200,461.32515
-2265.12,200,461.950364
-2120.72,200,462.487959
-1647.36,200,463.112596
-2525.96,200,463.543489
-1724.2,200,463.990183
-716.84,200,464.390223
338.22,10,464.416272
361.65,5,464.424865
-2158.88,200,464.959839
-1637.12,200,465.383881
-2220.2,200,465.808661
307.47,35,465.877649
-1512.8,200,466.388326
-910.44,200,466.992421
358.32,4,467.012585
334.941429,25,467.084048
-984.64,200,467.525242
-1922.88,200,468.008792
-1164.04,200,468.581841
361.65,5,468.592746
-1598.079347,199,469.065904
-129.202941,51,469.164953
326.82,4,469.182747
-1903.32,200,469.723487
-2118.12,200,470.104363
-2064.88,200,470.602491
-731.44,200,471.218309
-2151.88,200,471.856193
-769.44,200,472.434315
-1338.24,200,473.060956
-1998.92,200,473.838157
-616.28,200,474.407133
-1714.28,200,474.875525
-754.96,200,476.055659
-2288.6,200,477.051702
-2347.2,200,478.067624
-2162.12,200,479.264021
-918.943701,141,479.806495
358.32,4,479.820806
-2219.12,200,481.039327
91.614516,31,481.265759
346.14,10,481.305519
-2351.08,200,482.477422
-2281.2,200,483.250027
-1258.88,200,483.992417
-2114.96,200,484.802197
-2146.04,200,485.91791
-296.302727,81,486.268143
0.446667,174,487.637947
-2020.04,200,488.631096
-2029.76,200,489.197601
-2013.12,200,489.802259
-1209.84,200,490.343627
-1891.28,200,491.038509
-1158.88,200,491.622776
-784.72,200,492.115644
-2140.04,200,492.60339
-609.68,200,493.259125
-1140.44,200,493.865987
-2108.56,200,494.385776
-2301.6,200,494.889188
-1625.28,200,495.538932
-1758.36,200,496.154521
-2077.32,200,496.724971
-1899.92,200,497.200765
-2198.12,200,497.779495
-1780.4,200,498.242038
-1311.28,200,498.795924
-2043.4,200,499.219098
-1155.72,200,499.579709
-2008.36,200,499.984623
-2089.24,200,500.423321
297.698182,24,500.482009
-2370.96,200,500.974745
-593.92,200,501.439972
-3859.72,200,501.948724
-615.36,200,502.341367
-2282.0,200,502.848137
-3791.96,200,503.313493
158.77,79,503.566151
-1139.88,200,504.025732
-1419.04,200,504.471497
-849.72,200,504.932771
-1832.96,200,505.339753
-895.04,200,505.85341
-2168.04,200,506.253056
-2210.96,200,506.694948
-2246.88,200,507.211177
-2198.56,200,507.822665
351.39,8,507.841784
-606.96,200,508.525568
-2301.04,200,509.046489
-1953.08,200,509.512816
-1012.04,200,510.140704
272.22,10,510.170272
-2504.64,200,510.885369
-2139.36,200,511.532029
-204.361935,62,511.823942
334.65,5,511.845821
-584.52,200,512.596086
-1000.96,200,513.337568
-616.36,200,514.122107
325.31,8,514.196478
-2216.36,200,515.084607
-979.04,200,516.11833
-2226.52,200,516.810218
-2142.8,200,517.503683
-882.8,200,518.084072
-2193.04,200,518.841699
332.99,3,518.855928
-635.52,200,519.447242
-2099.48,200,520.001012
-1280.28,200,520.669439
-2320.28,200,521.213716
-2108.48,200,522.1152
346.286923,13,522.170578
-619.52,200,522.882844
-153.289322,59,523.084056
-1573.6,200,524.204158
-1699.12,200,525.205162
-1403.32,200,525.87821
-1153.64,200,526.594431
-1293.48,200,527.482812
233.55,55,527.72441
354.99,3,527.743009
-812.56,200,528.417444
-1263.04,200,529.119318
339.65,5,529.139191
332.89,9,529.179081
-1238.0,200,529.747721
-1931.4,200,530.415147
-715.167241,117,530.709638
-2150.64,200,531.221735
-1857.36,200,531.736059
-2076.8,200,532.28502
-2239.28,200,532.710836
-2969.32,200,533.217811
-1267.2,200,533.71879
-2125.88,200,534.372538
326.82,4,534.390498
-2579.8,200,534.876182
-582.56,200,535.406348
-313.792941,68,535.57262
-2233.04,200,536.197259
-831.56,200,536.764039
-1866.76,200,537.346764
-2237.2,200,537.829537
-2448.64,200,538.566078
-2263.52,200,539.151005
-809.56,200,539.794569
-1941.8,200,540.511606
-2301.68,200,541.09693
-2031.92,200,541.629224
-2169.52,200,542.397973
146.55,31,542.592933
-1798.96,200,543.15005
-632.68,200,543.720163
-1998.28,200,544.525331
-85.27,24,544.619079
-119.345593,59,544.806782
150.3,98,545.166088
310.781765,17,545.285671
-897.651864,118,545.752394
-595.44,200,547.276608
-745.2,200,548.200396
146.535294,78,548.555464
-2272.4,200,549.630874
-588.24,200,551.294582
-2247.36,200,552.644004
-1967.2,200,553.706198
-1385.677485,163,554.754379
-591.36,200,555.656711
-739.72,200,556.256684
-669.28,200,556.778773
-431.268462,91,557.061068
-638.76,200,557.701888
320.98,6,557.713752
-1306.56,200,558.260353
-2058.32,200,558.916911
-1683.68,200,559.664539
-675.28,200,560.458014
-1823.28,200,561.193383
-598.76,200,561.697545
-576.36,200,562.273303
-2270.12,200,562.809998
-1509.4,200,563.440197
-2215.64,200,563.978394
-717.301429,131,564.356668
-2092.36,200,564.866892
-791.36,200,565.469742
-1369.52,200,565.998853
-1981.4,200,566.556643
-2341.52,200,567.232517
371.64,8,567.259544
-1248.12,200,567.800954
-790.56,200,568.378287
-1053.16,200,568.94245
-2141.44,200,569.532438
-1516.32,200,570.159087
-1260.786667,108,570.514803
-1306.0,200,571.048962
-2104.72,200,571.817976
336.853529,19,571.890224
-976.04,200,572.653342
-1125.24,200,573.299242
-587.36,200,574.515362
-961.88,200,575.535639
347.88,12,575.612537
-1583.12,200,576.686989
-791.72,200,577.554378
352.97,9,577.586199
-1758.32,200,578.251267
-1306.24,200,578.829054
-1065.435906,149,579.625312
-3636.24,200,580.480229
-631.6,200,580.990931
-1816.36,200,581.58462
-1289.56,200,582.226763
-1225.52,200,582.732575
317.65,5,582.743365
-816.28,200,583.283496
-709.6,200,583.803241
303.31,8,583.825574
354.99,3,583.841002
-2258.6,200,584.355391
-1214.28,200,584.93587
-587.84,200,585.480664
-1496.0,200,585.93279
-1847.72,200,586.403052
-2091.32,200,586.931414
-1106.2,200,587.439772
-1080.84,200,587.930933
-309.632941,68,588.125437
-2006.24,200,589.087796
-1760.0,200,589.774315
-2164.4,200,590.324888
-2341.76,200,590.782068
-743.2,200,591.244487
-2307.44,200,591.718143
-1960.12,200,592.244354
-2073.4,200,592.730336
354.99,3,592.743388
-1654.4,200,593.288712
-1334.96,200,593.943202
-601.52,200,594.471287
364.448182,11,594.495204
-543.2,200,595.003693
339.65,5,595.014762
-763.72,200,595.446284
364.98,6,595.462008
-802.68,200,596.022518
-2188.52,200,596.635062
-1491.2,200,597.088764
328.111429,14,597.138076
-2465.64,200,597.732769
-986.04,200,598.412292
-1328.84,200,598.910474
-385.36,87,599.113288
-1496.16,200,599.654463
-580.742553,94,599.89755
302.46,12,599.925196
-304.151739,69,600.191069
-1077.12,200,600.763539
-2115.72,200,601.36119
220.73,25,601.461496
-2108.16,200,601.970531
-1999.12,200,602.613361
-2156.32,200,603.138424
254.448182,11,603.150367
-742.2,200,603.815378
-624.88,200,604.565047
-138.895,48,604.688575
-1964.16,200,605.283295
-1906.8,200,605.82147
-580.6,200,606.493587
-1468.2,200,606.980962
-1101.0,200,607.490114
-2022.12,200,608.08001
-2044.24,200,608.783774
320.95,15,608.839357
-670.68,200,609.377595
361.65,5,609.38669
-999.48,200,609.945731
-1991.4,200,610.467327
345.73,17,610.51083
-1156.64,200,611.168291
321.896364,22,611.224859
-1710.72,200,611.742563
362.96,12,611.774546
-630.6,200,612.329798
-564.96,200,612.967491
-1086.2,200,613.493599
-1154.12,200,614.096721
371.64,8,614.119759
-588.96,200,614.629404
320.372857,7,614.638226
-821.65,145,615.051075
-1763.72,200,615.497105
-610.04,200,616.070331
312.355714,7,616.103155
364.98,6,616.126845
-3276.4,200,616.620405
-1739.44,200,617.370791
342.98,6,617.402502
-759.48,200,617.900856
-579.68,200,618.501111
-2190.12,200,619.059687
-912.28,200,619.483389
-604.44,200,619.955111
-685.72,200,620.385106
-569.56,200,620.917618
-2004.4,200,621.575716
-1480.04,200,622.071262
-1992.16,200,622.513403
-1034.2,200,622.981375
-818.12,200,623.625909
-2165.88,200,624.178511
355.97,9,624.202364
-2081.16,200,624.692674
-1727.2,200,625.315663
-1610.16,200,625.795248
283.64,8,625.824104
-2069.56,200,626.349945
-727.28,200,626.820864
-1109.96,200,627.462469
-1608.88,200,627.975431
-586.88,200,628.497622
-2273.8,200,629.025421
348.33,1,629.025421
-2186.36,200,629.596079
351.55,15,629.642139
-906.2,200,630.176442
-567.6,200,630.65965
-1114.6,200,631.123067
-772.54,108,631.382052
127.037826,125,631.788705
-1004.12,200,632.306339
-2221.96,200,632.75028
-2342.2,200,633.363247
-609.6,200,634.023191
-592.6,200,634.484408
-1845.72,200,635.086771
-661.658571,112,635.348954
-711.88,200,635.889781
-4302.52,200,636.414447
-1206.52,200,636.935317
-1193.36,200,637.40624
-1695.8,200,637.965824
-1956.56,200,638.531339
-591.44,200,639.134217
-1510.04,200,639.599113
-1766.12,200,640.167156
-837.48,200,640.703312
-924.624932,178,641.070778
-1544.72,200,641.551034
-623.36,200,642.028506
-678.44,200,642.532
-751.8,200,643.006036
77.24,132,643.367754
-591.12,200,643.899193
-2205.12,200,644.525244
340.98,6,644.542514
334.65,5,644.588009
342.3,10,644.612628
-603.6,200,645.146875
-1779.48,200,645.677793
-1298.44,200,646.160532
-675.6,200,646.824102
-1823.678716,130,647.220236
-1722.12,200,647.734339
-1890.8,200,648.190215
-591.36,200,648.857322
-832.24,200,649.349382
-1442.96,200,649.850731
-2021.56,200,650.395607
-344.180435,103,650.606195
351.66,2,650.612195
-730.125929,113,650.821653
-664.12,200,651.393659
-601.68,200,651.864905
-628.52,200,652.385967
-805.04,200,652.815742
-602.16,200,653.451031
320.448182,11,653.497113
-1730.36,200,653.975871
308.89,21,654.000629
-839.12,200,654.5401
-617.88,200,655.071011
303.8,32,655.182174
371.64,8,655.215769
-1777.2,200,655.774826
-783.24,200,656.181216
-593.72,200,656.68177
-772.76,200,657.162765
-603.2,200,657.779951
-591.68,200,658.278083
312.65,5,658.290775
-2331.44,200,658.788423
-583.6,200,659.368396
-1078.52,200,659.983909
-644.36,200,660.494245
-586.52,200,661.025288
-1633.56,200,661.62079
-634.68,200,662.141757
364.98,6,662.161672
-1528.04,200,662.618894
-945.68,200,663.116729
181.766364,93,663.357812
364.448182,11,663.382862
-1187.52,200,663.930291
-2172.32,200,664.437705
-636.52,200,664.893263
63.988571,28,664.964535
-868.0,200,665.453641
393.2,16,665.496296
348.33,1,665.497296
-2196.96,200,666.080906
176.094545,76,666.275326
351.66,2,666.298219
-862.04,200,666.75871
-854.52,200,667.290625
-640.2,200,667.808918
-627.68,200,668.394038
-5217.4,200,668.895554
326.82,4,668.908769
328.288182,11,668.934607
-624.28,200,669.415861
-1460.92,200,669.904547
-719.2,200,670.473123
-1257.517881,156,670.866928
-570.48,200,671.425348
-928.28,200,671.931623
-573.2,200,672.531471
-2097.32,200,673.166221
-801.08,200,673.6637
361.65,5,673.678505
354.99,3,673.680519
108.502353,34,673.768263
-1461.8,200,674.323179
-576.52,200,675.031959
-1410.2,200,675.520904
-618.6,200,676.096625
-616.68,200,676.781868
-788.44,200,677.359314
-2714.4,200,677.887142
-932.04,200,678.524954
-593.68,200,679.253969
351.66,2,679.259994
75.285294,17,679.308274
-1586.2,200,679.902733
-1510.987838,197,680.473254
354.99,3,680.477259
-725.4,200,680.973795
-688.36,200,681.573884
-1142.32,200,682.135655
-711.2,200,682.649433
342.98,6,682.677415
-1647.88,200,683.185276
-1409.04,200,683.80396
358.206923,13,683.835462
-586.96,200,684.300955
378.3,10,684.344888
-614.28,200,684.85398
-1057.16,200,685.2835
-558.52,200,685.945086
-2094.88,200,686.505696
-634.68,200,687.001578
-570.12,200,687.487538
-1396.96,200,688.056433
-1034.28,200,688.524951
-630.56,200,689.073442
-2093.48,200,689.714953
-547.68,200,690.364428
-1951.12,200,690.873348
-996.2,200,691.469995
-2143.28,200,692.05497
-577.68,200,692.546352
-1987.76,200,693.064906
-620.44,200,693.49436
-1947.28,200,694.087506
-634.8,200,694.578415
-575.52,200,695.027856
-614.44,200,695.700139
-598.76,200,696.407474
-606.28,200,696.919616
-606.48,200,697.590321
-1815.12,200,698.359298
374.97,9,698.396822
-580.68,200,698.821521
-623.44,200,699.362657
-587.6,200,699.860242
-2201.64,200,700.390399
-774.6,200,700.942755
356.3,10,700.974277
-2365.12,200,701.655497
-1615.24,200,702.355752
-606.28,200,703.185572
-1339.04,200,703.82826
324.31,7,703.847717
-574.6,200,704.533885
374.97,9,704.579932
-1199.757134,157,705.162
-537.12,200,705.89942
-600.68,200,706.444012
342.372857,7,706.465045
-865.88,200,707.34857
-613.44,200,707.981385
354.99,3,707.981385
-258.941379,58,708.193133
-1019.6,200,708.883235
-2143.88,200,709.433259
-537.04,200,709.946173
-264.560563,72,710.177226
368.46,12,710.189747
-1384.88,200,710.675309
-2351.12,200,711.106276
351.66,2,711.111959
336.97,9,711.1352
357.565882,34,711.218403
384.96,12,711.245636
-1228.88,200,711.763461
-1825.88,200,712.337939
-668.8,200,712.699841
272.368182,11,712.721728
-664.6,200,713.071358
281.62,14,713.08651
-566.2,200,713.494182
-999.28,200,713.957715
-2320.44,200,714.512583
307.39,8,714.531226
-601.12,200,714.985492
276.95,15,715.025306
-2149.28,200,715.453962
-799.04,200,715.886063
-565.2,200,716.404002
-1332.64,200,716.882171
-1260.56,200,717.291975
-1339.68,200,717.742998
-577.48,200,718.154788
-617.48,200,718.719974
-594.76,200,719.105993
-2279.36,200,719.485888
-641.96,200,719.884806
-546.64,200,720.322106
-1042.72,200,720.834207
351.66,2,720.834207
-48.876364,44,720.935033
-740.72,200,721.404284
-654.6,200,721.870543
-1338.36,200,722.279068
-638.6,200,722.657725
-623.08,200,723.149706
-611.2,200,723.575472
388.29,13,723.602282
280.197692,13,723.633287
-1181.369933,180,724.030524
-2005.56,200,724.415761
-1286.56,200,724.861101
-1857.88,200,725.235728
-1157.68,200,725.660195
-2256.12,200,726.037681
-596.68,200,726.429668
-1952.88,200,726.833704
-1081.52,200,727.350962
227.45,81,727.544327
-602.52,200,727.960125
270.922632,19,728.002543
-598.96,200,728.390093
-568.6,200,728.773355
328.73,13,728.792789
-1338.32,200,729.267722
-558.6,200,729.710524
-333.469412,68,729.85024
-2276.76,200,730.248173
-761.68,200,730.667059
-549.56,200,731.062394
300.659474,19,731.147935
-600.88,200,731.65064
-640.76,200,732.118425
-922.12,200,732.562904
-744.96,200,732.992692
-1654.88,200,733.36838
354.99,3,733.389875
-572.76,200,733.760501
-579.24,200,734.31572
207.977647,78,734.499375
-898.68,200,734.966268
-594.28,200,735.450694
351.66,2,735.458627
-661.68,200,735.896396
-601.36,200,736.435106
-539.0,200,737.018003
-565.52,200,737.568828
-635.6,200,738.116101
348.33,1,738.127536
-145.275246,61,738.299681
-1374.04,200,738.85148
220.450769,62,738.988376
-1299.68,200,739.499265
265.74,54,739.676507
-615.52,200,740.231551
-610.6,200,740.806946
-563.6,200,741.352906
-674.6,200,741.883367
348.33,1,741.883367
356.443846,13,741.920069
-647.6,200,742.529518
-279.991739,69,742.716534
-915.52,200,743.228826
-1880.24,200,743.74553
-584.52,200,744.247943
-1379.72,200,744.836256
-589.04,200,745.293685
-581.6,200,745.743307
-598.36,200,746.237394
-566.52,200,746.822568
-650.84,200,747.178053
-654.24,200,747.620778
-843.4,200,747.995755
-577.76,200,748.326629
-529.32,200,748.806549
342.283846,13,748.823565
-637.64,200,749.197518
-599.68,200,749.6135
352.97,9,749.626749
-599.44,200,750.004379
-1652.8,200,750.546952
-645.48,200,750.975285
-1414.52,200,751.378018
-584.6,200,751.852511
-703.628318,107,752.07092
-612.52,200,752.617663
-577.2,200,753.036717
-1040.52,200,753.482435
223.186364,67,753.627907
-587.68,200,754.083592
-984.52,200,754.643269
-591.04,200,755.017429
-655.2,200,755.504789
-558.88,200,755.94037
-2304.28,200,756.322301
-570.76,200,756.77254
-1200.04,200,757.219054
338.739474,19,757.259279
354.99,3,757.261285
-1113.88,200,757.642449
364.98,6,757.657825
-1449.04,200,758.064559
-1385.04,200,758.524946
-579.6,200,759.012525
-1780.36,200,759.463226
-1068.24,200,759.997267
-1405.04,200,760.60498
-774.12,200,761.011419
-637.12,200,761.405938
-648.44,200,761.829529
344.636316,19,761.869419
-618.44,200,762.258771
195.57,16,762.300431
-1269.04,200,762.85899
-858.28,200,763.363154
-557.44,200,763.858711
-10.1,50,763.958216
-690.134717,106,764.180193
-190.438235,51,764.296004
-1699.025106,94,764.649567
350.533158,19,764.702687
-2295.68,200,765.280111
-1439.36,200,765.75189
-1002.44,200,766.210152
338.3,10,766.242881
-1809.2,200,766.793357
-778.32,200,767.227075
-1089.28,200,767.645587
351.66,2,767.661094
354.99,3,767.670701
247.552105,19,767.722759
-597.68,200,768.265767
-2047.88,200,768.705654
-683.761887,106,768.921263
-1472.28,200,769.380285
-2214.64,200,769.94175
-595.68,200,770.368592
-618.28,200,770.773124
-2118.6,200,771.215894
332.191429,14,771.242118
360.3,10,771.258989
-1093.96,200,771.667332
-799.48,200,772.16237
-2177.44,200,772.568365
-1513.96,200,772.990586
-598.68,200,773.408577
-1521.4,200,773.783377
-861.2,200,774.392773
-574.76,200,774.905315
-571.76,200,775.402266
292.861765,17,775.522875
-1546.28,200,775.880096
-2269.28,200,776.480523
329.39,8,776.503191
-594.52,200,776.961353
-560.28,200,777.415541
167.38,112,777.633844
-2202.2,200,777.990545
206.87,24,778.054948
-1420.417895,190,778.46141
-2258.88,200,778.918506
-869.12,200,779.389551
-611.52,200,779.801116
-574.44,200,780.22078
293.998182,38,780.292103
-1209.72,200,780.819153
-607.52,200,781.455379
-994.28,200,781.945991
-2170.28,200,782.399018
-554.2,200,782.899565
-88.797143,42,782.986552
-558.76,200,783.412416
-1307.52,200,783.886781
-610.68,200,784.464823
-3993.12,200,785.004912
-858.96,200,785.37013
-568.52,200,785.921599
-579.6,200,786.37059
-677.36,200,786.88775
364.38,12,786.913197
-595.2,200,787.388517
-602.36,200,787.868776
-594.44,200,788.27533
-672.28,200,788.68635
-625.52,200,789.294102
-587.28,200,789.680109
-2008.8,200,790.050908
-773.52,200,790.410764
-2083.2,200,790.86639
-880.04,200,791.360012
334.3,10,791.375588
351.66,2,791.380837
-679.44,200,791.823288
-2222.96,200,792.3674
316.3,10,792.38449
-2197.88,200,792.923928
-1646.32,200,793.378796
-601.28,200,793.938974
334.65,5,793.952644
329.021765,17,793.988172
-744.72,200,794.442427
349.64,8,794.470563
-766.56,200,794.857198
-551.12,200,795.302296
332.191429,14,795.33229
-619.6,200,795.857113
-1832.12,200,796.272645
-528.2,200,796.642745
-919.44,200,797.102037
-931.12,200,797.493278
358.32,4,797.495288
-914.44,200,797.860455
-2326.36,200,798.30319
-1078.2,200,798.689966
-1086.56,200,799.159204
-602.52,200,799.526558
-561.68,200,800.021936
-2065.04,200,800.481489
-657.04,200,800.873287
348.33,1,800.873287
351.66,2,800.890035
-744.36,200,801.296418
354.99,3,801.305521
-695.52,200,801.831324
338.762857,14,801.86699
-577.6,200,802.295052
-580.2,200,802.710125
-1580.6,200,803.072209
-580.12,200,803.486849
292.9,6,803.502621
-732.44,200,803.987251
371.64,8,804.010928
-693.96,200,804.60335
-587.28,200,805.250997
-1997.12,200,805.784732
-1459.6,200,806.284335
346.46,12,806.305829
-557.76,200,806.970967
-1181.6,200,807.442938
-596.52,200,807.88357
-615.44,200,808.531526
-1065.64,200,809.031291
-656.6,200,809.524655
-1061.753478,141,809.898783
-2174.72,200,810.607523
299.79,15,810.653012
-585.28,200,811.134084
-580.44,200,811.611909
-18.445349,43,811.790755
-1075.8,200,812.465476
-962.04,200,814.900176
-2256.6,200,816.865063
