#{"t_start": 1778332086.155168, "env_id": "None"}
r,l,t
-966.45,250,2.262065
-877.65,250,2.491869
-971.75,250,2.72992
-1001.35,250,2.974887
256.05,23,2.995366
-301.7,234,3.197173
-876.4,250,3.479103
101.7,83,3.578775
-888.2,250,3.880703
18.8,136,4.074748
-113.25,148,5.779463
204.75,49,6.014176
-912.3,250,6.400144
-865.8,250,6.705114
86.0,74,6.805942
-118.5,147,6.998643
-246.85,210,7.273351
-248.65,206,7.530385
155.75,70,7.635997
-958.45,250,8.019812
301.15,1,8.021813
-59.15,149,8.204194
288.1,7,8.212327
-894.8,250,8.530091
-974.4,250,9.932379
-851.15,250,10.207185
-880.25,250,10.459162
-1006.3,250,10.71931
-83.7,147,10.861402
-121.35,171,11.025649
-129.5,142,11.175638
-923.95,250,11.41692
58.7,100,11.519796
-969.45,250,11.768168
-330.2,207,13.141003
-920.15,250,13.381295
-904.05,250,13.615581
-4.9,121,13.722526
47.4,104,13.829126
-178.3,191,14.02399
10.65,115,14.134693
-959.8,250,14.377634
-72.15,132,14.507673
152.4,67,14.574147
86.1,110,14.678377
282.6,8,14.68639
130.3,79,14.764103
-8.2,138,14.891726
-298.4,209,16.057028
153.9,59,16.143213
-9.95,104,16.291707
304.6,4,16.297551
72.45,105,16.431729
113.85,67,16.524591
-10.65,123,16.678502
-30.9,161,16.869632
-312.7,214,17.094276
291.3,4,17.099298
-998.45,250,17.378756
-350.3,246,17.689361
122.5,63,17.771237
-950.65,250,18.085574
-85.8,142,18.254037
-900.35,250,20.176752
-958.65,250,20.575162
-972.2,250,20.953476
26.5,108,21.071656
45.3,93,21.171515
-957.45,250,21.442427
-938.7,250,21.699346
-51.25,143,21.838263
276.25,21,21.857016
215.9,32,21.888664
180.15,53,21.939074
191.3,50,21.991452
-188.8,198,22.19346
-272.0,179,22.377783
-165.85,187,23.65369
176.5,58,23.731481
79.85,85,23.847646
-74.35,122,23.996995
234.1,41,24.046342
-919.15,250,24.332457
-199.45,191,24.563031
56.0,86,24.658236
224.65,34,24.699987
116.0,92,24.813084
278.5,16,24.831606
252.1,37,24.870455
-917.3,250,25.143772
-1050.15,250,25.383472
116.0,91,25.474632
204.6,57,25.5293
-925.35,250,26.712944
41.35,93,26.809902
249.5,22,26.831248
-973.35,250,27.0907
-1031.75,250,27.333312
130.85,68,27.402065
281.7,13,27.4131
173.4,61,27.468683
-158.8,157,27.62624
280.95,17,27.645631
260.75,19,27.661791
-160.0,178,27.8347
-1091.75,250,28.081729
244.65,34,28.117753
-1018.45,250,28.383789
297.95,4,28.389398
209.4,38,28.434907
189.45,53,28.492523
254.9,29,28.523426
278.7,15,28.539624
-79.0,119,28.662527
253.3,45,28.717166
209.4,45,28.760718
-16.4,103,29.919527
100.1,69,30.002006
120.6,66,30.069608
-1066.15,250,30.335063
274.6,23,30.362163
108.35,69,30.48858
-1019.8,250,30.956971
-172.4,172,31.180158
-949.35,250,31.463373
132.4,96,31.583368
-46.7,124,31.713377
220.35,58,31.772282
212.6,50,31.819856
-224.7,189,32.007969
139.95,77,32.095761
31.6,124,32.213847
-255.55,178,33.374679
303.45,3,33.378134
-1019.9,250,33.641409
233.0,40,33.690233
-994.15,250,33.933855
167.05,59,33.99161
-1002.2,250,34.225511
188.3,37,34.267769
232.7,34,34.310265
211.35,49,34.359468
-93.5,133,34.494826
201.8,43,34.53347
-147.6,146,34.6704
-962.75,250,34.920065
136.65,80,35.001287
305.75,5,35.00653
286.45,16,35.028036
158.7,76,35.091862
-906.85,250,35.313179
306.9,6,35.319199
156.9,64,36.305394
275.4,33,36.33834
150.15,66,36.406565
272.45,20,36.425653
178.95,59,36.482959
224.15,37,36.520067
293.05,9,36.527992
-1018.4,250,36.776464
138.25,64,36.846257
-1043.55,250,37.078832
293.35,22,37.099254
291.15,12,37.113773
-996.75,250,37.367181
182.45,62,37.436439
98.4,86,37.515566
287.6,17,37.530363
293.5,21,37.549735
229.65,44,37.597698
138.75,70,37.666447
256.85,18,37.683327
-387.05,229,37.886803
-0.0,123,38.000868
134.5,72,38.0625
-133.0,179,39.212069
118.3,57,39.264771
-1015.95,250,39.504602
283.75,31,39.536039
297.3,15,39.559674
181.45,45,39.610728
269.0,17,39.635496
302.85,21,39.660124
179.6,49,39.702655
-407.6,225,39.930356
222.9,37,39.98213
185.9,52,40.039326
169.65,59,40.086591
214.55,46,40.142449
221.5,37,40.173726
-1024.05,250,40.404659
118.55,70,40.47656
210.75,45,40.522287
263.05,13,40.534512
229.1,39,40.572375
207.0,51,40.628067
-966.95,250,40.912756
298.8,14,40.932311
-1041.05,250,41.25563
240.5,35,41.302673
143.7,63,41.393761
229.0,25,42.924977
217.75,43,42.982153
301.15,1,42.984664
177.9,50,43.046594
239.55,55,43.112954
-994.75,250,43.449459
257.75,28,43.485407
272.3,28,43.519874
290.8,36,43.563901
248.9,33,43.604652
-1039.85,250,43.894541
-1055.7,250,44.228658
31.75,95,44.361787
-263.35,183,44.617579
279.85,16,44.641746
222.2,33,44.680023
125.35,69,44.771925
250.55,31,44.811332
203.75,47,44.877615
-72.6,136,45.055178
-164.5,153,45.278106
260.65,34,45.328428
288.95,17,45.345443
57.8,91,45.459387
302.3,2,45.462387
256.5,42,45.512968
176.95,56,45.590977
78.1,88,46.769068
7.2,121,46.902385
202.4,56,46.954661
287.0,13,46.969467
128.25,91,47.074664
-961.25,250,47.33465
235.65,25,47.369392
-587.7,249,47.623322
302.3,2,47.624839
279.5,25,47.649651
269.15,31,47.689785
175.2,59,47.75455
35.25,89,47.84361
252.6,27,47.868862
171.35,51,47.930606
272.35,28,47.953876
142.85,68,48.017953
261.25,38,48.055844
234.75,30,48.08556
280.6,19,48.106519
150.8,68,48.170197
264.15,29,48.193326
242.8,37,48.226612
222.95,29,48.258705
202.6,31,48.291937
302.9,6,48.299562
295.0,13,48.311533
-96.2,158,48.449534
285.7,13,48.461604
273.45,22,48.481673
268.75,33,48.513727
275.1,20,48.532519
98.85,61,48.591266
274.95,21,48.608277
306.25,17,48.623942
196.0,61,48.683639
95.9,85,49.94898
-1047.9,250,50.217988
288.9,10,50.229978
264.9,25,50.256202
-1015.8,250,50.520896
227.0,37,50.557322
306.0,11,50.56874
301.4,7,50.577471
249.7,37,50.613472
275.7,24,50.634999
-1054.4,250,50.902086
297.35,22,50.921759
124.8,94,51.014776
228.2,44,51.054528
271.35,26,51.079648
86.05,89,51.168258
287.8,16,51.184865
251.15,28,51.213674
-35.95,115,51.328969
268.25,36,51.365656
217.5,38,51.3993
226.5,39,51.436454
-1067.75,250,51.683647
-1002.55,250,51.921593
-1047.95,250,53.147768
270.2,25,53.177634
276.8,18,53.196649
212.95,40,53.237287
294.0,11,53.249323
225.3,31,53.281577
207.05,51,53.338714
204.15,45,53.407483
160.65,35,53.451813
258.6,23,53.482195
296.2,21,53.50994
300.65,11,53.526
180.55,50,53.588317
-112.15,164,53.778588
118.65,77,53.872419
261.1,24,53.903015
306.95,13,53.921495
284.3,28,53.959814
304.55,19,53.98289
306.55,8,53.994841
304.05,7,54.001374
300.85,10,54.01544
299.1,5,54.02446
246.0,34,54.068289
286.85,14,54.085274
305.2,8,54.096397
279.2,12,54.111477
284.55,12,54.122543
-993.45,250,54.488708
-1077.0,250,54.772008
302.0,11,54.786041
-1095.6,250,55.064578
206.1,34,55.098572
202.25,63,55.164953
302.25,17,55.183229
282.75,22,55.208457
218.7,38,55.244574
190.85,45,55.289714
193.1,47,55.338427
-32.2,132,56.451812
308.65,11,56.463657
198.45,47,56.509019
274.0,26,56.540231
303.7,9,56.547322
291.25,19,56.569484
-1059.8,250,56.819422
284.6,19,56.839938
115.0,60,56.894833
253.2,31,56.921115
296.75,18,56.9358
295.55,10,56.944458
267.05,13,56.957002
264.8,33,56.990571
176.35,44,57.027979
-1006.5,250,57.281541
166.45,48,57.331993
283.5,25,57.360672
286.1,18,57.380228
286.65,15,57.393416
231.1,28,57.422943
281.95,19,57.439794
278.55,23,57.460384
285.3,15,57.473435
288.7,11,57.481512
237.5,37,57.513287
277.2,23,57.53915
-551.95,237,57.798646
275.9,23,57.829029
280.0,23,57.85661
286.8,29,57.888314
285.55,21,57.913475
290.85,14,57.929016
-1049.2,250,58.207323
273.1,9,58.218945
222.45,32,58.260994
282.65,15,58.282626
242.6,23,58.312436
231.35,34,58.345959
240.45,35,58.388937
301.75,5,58.392921
301.45,14,58.409926
209.6,51,58.4597
299.45,3,58.46294
296.15,14,58.481679
244.2,29,58.511405
230.05,35,59.499035
300.6,19,59.525665
288.35,13,59.538478
248.85,33,59.56961
255.85,16,59.579126
211.95,31,59.609487
238.35,32,59.644549
265.0,32,59.678803
279.55,10,59.688283
303.45,3,59.691311
1.35,78,59.769701
173.7,59,59.822387
280.3,21,59.842016
282.35,24,59.862782
-1067.75,250,60.12901
240.2,22,60.148645
301.65,13,60.16272
292.9,10,60.171717
284.85,25,60.192195
-1003.6,250,60.438319
300.45,5,60.443241
285.5,14,60.455281
300.45,5,60.46196
301.75,5,60.468152
288.25,21,60.489559
267.55,25,60.51313
293.05,24,60.541941
-1096.8,250,60.778445
302.55,8,60.787193
261.15,24,60.806515
163.4,49,60.864552
289.25,30,60.897465
295.6,17,60.919051
298.25,17,60.933114
278.9,21,60.95373
305.8,12,60.96324
305.75,5,60.969064
213.0,33,61.001494
301.15,1,61.002499
247.4,26,61.024544
235.95,31,61.052125
203.25,50,61.093197
301.4,7,61.101085
202.35,40,61.137293
283.2,12,61.146914
280.25,21,61.169538
303.45,3,61.172537
275.9,31,61.196382
-1054.45,250,61.430444
295.0,13,61.442971
-288.4,182,62.630488
305.2,8,62.639039
295.6,17,62.655339
-1126.15,250,62.910293
293.6,6,62.918547
261.6,21,62.941341
305.2,8,62.950088
299.35,11,62.959086
233.8,28,62.985441
254.4,39,63.022022
-1099.5,250,63.270118
296.2,21,63.290457
110.3,80,63.368748
305.2,8,63.376244
298.7,22,63.400411
289.2,23,63.422678
239.95,38,63.459576
253.25,23,63.486614
248.75,49,63.536246
301.4,7,63.543265
306.05,18,63.573033
280.9,32,63.605668
270.35,32,63.635732
283.75,9,63.643827
302.3,2,63.646839
297.05,9,63.655205
266.35,39,63.686882
298.55,8,63.691889
302.0,11,63.702522
288.7,26,63.73205
303.7,9,63.739144
198.25,33,63.768553
295.25,19,63.786629
286.65,15,63.800633
298.55,8,63.807515
279.4,26,63.836289
289.15,16,63.851115
256.55,20,63.869144
283.7,24,63.894918
296.5,12,63.907142
302.9,6,63.913153
300.85,10,63.924179
260.5,20,63.948601
294.25,10,63.957916
304.65,11,63.970561
305.8,12,63.981767
303.7,9,63.989273
186.7,53,64.037914
205.95,35,64.070141
306.6,15,64.084593
246.75,37,64.125495
304.6,4,64.130002
253.55,14,64.141438
-1077.05,250,64.385503
269.55,36,64.432674
300.6,4,64.436795
270.55,23,64.458282
306.9,6,64.464796
260.75,26,64.488318
306.45,16,64.504902
305.7,20,64.524822
294.9,14,64.539829
226.4,32,65.593285
257.65,21,65.616088
-235.45,168,65.798165
297.95,26,65.823905
287.3,26,65.852327
266.75,22,65.871485
-1079.55,250,66.133029
-1130.2,250,66.382628
-994.35,250,66.637238
298.25,17,66.65719
302.25,17,66.674529
302.55,8,66.682601
294.2,10,66.690677
303.4,18,66.70748
301.75,5,66.712461
300.6,4,66.715468
299.35,11,66.72651
288.4,20,66.747812
-1054.25,250,66.994465
288.45,27,67.017241
295.9,8,67.023243
-1067.75,250,67.266559
306.85,21,67.286496
301.75,5,67.28993
214.8,45,67.337893
252.9,41,67.378803
-1130.4,250,67.635137
105.1,95,69.061563
304.05,29,69.109335
308.55,19,69.14399
301.4,7,69.157573
-1082.45,250,69.608655
314.95,13,69.630579
314.4,16,69.658464
295.05,20,69.692281
308.65,11,69.711303
287.65,32,69.762528
281.85,20,69.795622
261.85,27,69.839914
260.65,19,69.872514
299.35,11,69.892406
283.75,31,69.950964
270.95,21,69.986633
277.15,16,70.017056
274.05,26,70.063226
314.4,16,70.086224
286.45,16,70.111057
307.4,18,70.136288
298.5,23,70.168031
304.6,4,70.174532
283.85,23,70.21626
309.8,12,70.243691
134.7,61,70.332736
-987.8,250,70.748516
288.0,15,70.769294
302.65,22,70.80305
302.4,16,70.829386
302.9,6,70.83542
265.05,47,70.908512
-1059.8,250,71.263406
303.4,18,71.299498
303.7,9,71.320922
-1106.5,250,71.760003
195.6,41,71.818598
255.7,39,71.872572
301.15,1,71.874546
286.35,24,71.914618
274.95,36,71.958107
280.6,19,71.982401
222.9,37,72.039567
309.2,8,72.052593
132.0,62,72.128393
-1140.9,250,73.815479
302.3,2,73.82149
301.15,1,73.825037
264.8,34,73.867259
78.5,63,73.974722
281.35,15,73.999456
303.15,12,74.015516
228.35,36,74.065609
307.2,19,74.094553
304.65,11,74.11533
278.15,40,74.171152
285.85,12,74.185734
87.3,73,74.313508
298.9,6,74.327141
305.8,12,74.34742
309.25,15,74.36676
248.4,28,74.399709
298.95,6,74.40751
258.4,17,74.426275
313.25,15,74.442522
267.9,16,74.457458
210.95,60,74.564487
295.1,27,74.622082
297.05,9,74.641362
300.2,29,74.683053
269.3,30,74.713725
312.65,11,74.725449
273.2,38,74.777046
306.35,9,74.792022
301.25,8,74.805416
302.0,11,74.8185
298.45,16,74.84077
272.15,29,74.878268
251.65,47,74.931336
274.9,21,74.957503
200.5,43,75.006823
164.85,56,75.071337
304.3,13,75.087043
302.3,2,75.090046
215.6,40,75.14235
297.8,12,75.158979
287.95,15,75.17838
-313.25,148,75.349299
293.35,22,75.365323
303.85,23,75.381378
-1049.25,250,75.577372
286.65,15,75.590421
212.85,41,75.622399
302.65,15,75.633463
295.95,15,75.64697
310.85,21,75.663067
284.35,13,75.675745
-1100.7,250,75.872668
280.2,14,75.884773
249.05,17,75.89831
231.9,46,75.938664
287.5,25,76.752201
282.1,18,76.772971
159.15,44,76.811969
304.6,4,76.817008
307.5,10,76.825542
305.75,5,76.828617
299.1,5,76.8346
294.2,10,76.844639
308.05,7,76.851681
303.45,3,76.855163
306.9,6,76.860673
286.25,32,76.892549
250.55,38,76.933328
90.5,79,77.007665
-153.15,155,77.153122
301.25,8,77.160156
259.45,33,77.188357
-194.5,163,77.358721
306.6,15,77.373252
309.2,8,77.380304
297.1,16,77.397474
245.65,21,77.421492
295.75,9,77.429501
306.9,21,77.453059
229.95,27,77.483057
296.45,5,77.488429
264.05,15,77.503031
286.65,15,77.519083
307.15,12,77.530202
-1171.55,250,77.763629
288.05,22,77.786547
305.2,8,77.794662
283.3,26,77.823071
305.45,14,77.835354
308.1,14,77.848116
276.2,14,77.862131
-1081.3,250,78.102136
-110.6,132,78.227223
269.95,19,78.243406
312.65,11,78.254616
203.35,42,78.295393
290.3,17,78.313311
206.0,27,78.341393
303.7,9,78.351041
299.15,12,78.36095
304.6,26,78.385243
306.9,6,78.390344
289.9,19,78.411457
232.0,38,78.449936
293.35,22,78.4676
310.95,13,78.477611
304.6,4,78.482619
265.8,28,78.511387
302.35,9,78.523044
-1022.5,250,79.624509
317.85,19,79.641773
280.4,20,79.660993
286.95,21,79.682122
308.7,18,79.699549
246.8,37,79.734487
308.05,7,79.740304
-1143.75,250,79.99687
226.45,39,80.033546
292.4,20,80.051748
310.35,9,80.060212
285.6,14,80.074546
298.65,22,80.098797
302.3,2,80.100808
310.05,18,80.121015
310.35,9,80.131218
299.3,26,80.155341
305.2,8,80.162367
232.9,40,80.201835
286.2,10,80.211163
293.95,26,80.234482
299.35,11,80.243017
206.8,45,80.288128
295.9,8,80.297077
-1132.9,250,80.536569
314.4,16,80.553658
309.8,12,80.564919
71.45,72,80.630058
196.3,51,80.679457
224.6,27,80.704716
307.2,19,80.721881
266.25,25,80.74642
282.55,23,80.76565
289.0,24,80.786601
301.7,20,80.805711
86.7,39,80.839117
304.55,19,80.857279
283.1,20,80.878898
277.65,28,80.90641
294.75,7,80.912419
176.0,46,80.952901
282.0,26,80.976591
301.4,7,80.9832
301.95,4,80.988297
295.35,11,80.998897
301.75,5,81.002895
-956.0,250,81.240001
271.35,26,81.265353
289.75,28,81.292542
300.8,3,81.297093
296.15,14,81.309501
305.8,12,81.320171
302.3,2,81.322172
308.05,7,81.328192
304.3,13,81.340202
-1056.95,250,82.454477
294.75,7,82.462388
284.25,21,82.484625
284.65,26,82.51241
252.95,32,82.550704
294.45,16,82.568682
314.4,16,82.586402
309.2,8,82.597979
293.65,13,82.614693
297.65,13,82.62967
303.45,3,82.633667
184.35,44,82.683234
284.05,22,82.705347
263.55,25,82.732447
-1097.0,250,82.982726
294.15,18,82.998968
-994.3,250,83.288182
281.45,29,83.3425
288.7,11,83.363373
-1066.3,250,83.710741
301.5,21,83.733036
293.9,19,83.75349
271.6,39,83.798505
304.2,21,83.819242
306.4,16,83.84069
296.5,12,83.853592
302.3,2,83.85711
295.9,8,83.867449
305.75,5,83.872396
285.2,23,83.90317
304.6,4,83.907823
300.15,21,83.932261
306.05,18,83.949486
305.75,5,83.955381
298.55,8,83.965573
252.7,19,83.993506
295.65,24,84.022163
-1091.7,250,84.292716
205.6,52,84.345622
310.35,9,84.352322
296.25,6,84.358375
280.95,17,84.378971
295.95,8,84.385384
214.95,44,84.43163
233.9,35,84.472009
-81.9,142,84.612425
299.1,5,84.617892
252.2,29,84.653455
233.85,35,84.691401
302.3,2,84.693407
288.4,20,84.714518
218.75,30,84.751219
-1055.55,250,85.96109
298.25,17,85.982014
300.55,19,86.006974
306.9,6,86.012974
294.75,7,86.018611
-1081.0,250,86.278133
-1051.6,250,86.521318
306.35,9,86.531336
308.65,11,86.540288
161.25,54,86.596816
306.35,9,86.605338
291.2,12,86.620357
252.7,26,86.644593
303.15,12,86.657166
313.85,19,86.676379
292.55,19,86.695632
296.5,12,86.708604
304.05,7,86.713603
256.05,38,86.750226
241.3,46,86.792947
308.1,14,86.809828
304.6,4,86.813823
221.05,47,86.85886
243.0,36,86.893707
278.05,11,86.903696
302.3,2,86.905932
294.25,17,86.9232
281.3,23,86.946716
307.15,12,86.958702
296.95,17,86.975513
302.25,17,86.995541
271.05,13,87.010673
305.25,15,87.026948
-1080.9,250,87.257442
301.85,12,87.272807
248.6,12,87.283031
300.45,20,87.302351
-1094.3,250,87.536498
285.5,14,87.549332
283.15,27,87.574703
274.3,17,87.591546
307.15,12,87.603091
290.8,14,87.620305
310.05,18,87.646667
310.95,13,87.663212
-1022.4,250,88.848592
308.65,11,88.859877
309.25,15,88.876423
294.9,21,88.893562
302.3,2,88.895612
230.25,56,88.956921
299.95,15,88.968134
316.35,20,88.991377
300.7,11,89.002102
-1067.45,250,89.287049
292.95,17,89.303515
305.2,8,89.311057
308.65,11,89.32198
301.4,7,89.32771
291.95,15,89.340713
-1128.85,250,89.57232
296.45,20,89.590285
247.5,18,89.605299
276.15,30,89.638393
302.3,2,89.640406
308.05,7,89.64498
312.1,14,89.657541
298.2,10,89.66716
302.05,18,89.682519
280.0,15,89.699277
257.45,22,89.720351
313.8,12,89.733029
284.35,13,89.744908
304.9,17,89.763097
269.95,19,89.783318
299.05,20,89.801564
287.65,24,89.823005
282.45,24,89.843171
297.65,13,89.857191
304.6,4,89.861972
302.55,8,89.870597
305.2,8,89.878162
269.8,20,89.898544
308.3,13,89.910444
311.75,16,89.92563
276.45,20,89.946075
301.65,13,89.961032
254.25,48,90.006316
117.55,53,90.06204
282.65,30,90.089602
-1009.1,250,90.329558
301.15,1,90.331478
297.1,16,90.348954
256.3,21,90.372105
304.6,4,90.374697
306.35,9,90.383131
263.6,10,90.392513
312.7,18,90.409191
285.25,8,90.416198
314.95,13,90.428255
284.9,10,90.439484
309.2,8,90.445484
259.5,18,90.463392
-1080.95,250,90.712441
304.05,7,90.721468
302.3,2,90.72498
304.6,4,90.728055
296.65,4,90.732056
263.8,31,91.722372
301.55,21,91.740468
310.15,25,91.767108
299.05,20,91.791306
302.3,2,91.793302
310.35,9,91.801814
307.75,16,91.818693
294.75,7,91.827303
301.15,1,91.828778
302.9,6,91.833793
269.5,30,91.859562
300.5,12,91.872711
-1063.5,250,92.122929
301.75,5,92.129274
302.45,16,92.152975
309.45,14,92.165569
308.05,7,92.173296
312.7,18,92.188377
306.35,9,92.194993
310.35,9,92.203712
245.1,24,92.225426
-1002.3,250,92.474908
301.65,13,92.491727
302.9,6,92.497096
304.9,17,92.513179
306.35,9,92.521302
308.05,7,92.52738
299.4,18,92.545515
305.2,8,92.553709
306.35,9,92.562295
-106.6,141,92.710386
306.4,16,92.727159
197.45,54,92.789324
289.6,28,92.814634
309.2,8,92.827938
308.0,22,92.8548
278.9,21,92.872956
305.25,15,92.888042
-1044.95,250,93.122559
266.75,22,93.142509
280.55,12,93.15671
288.75,18,93.176045
289.9,19,93.194779
308.1,14,93.207982
310.35,9,93.217294
313.8,12,93.227897
310.35,9,93.235447
300.9,17,93.249533
303.45,3,93.252579
301.15,1,93.253573
306.35,9,93.259655
113.1,56,93.315505
302.3,2,93.320124
291.85,23,93.343268
306.6,15,93.358725
299.35,11,93.371005
303.45,3,93.37462
310.85,21,93.395927
286.75,7,93.401938
309.25,15,93.416264
306.35,9,93.427665
306.9,6,93.434681
305.45,14,93.444705
302.8,14,93.4567
276.35,13,93.470534
308.05,7,93.477564
303.45,3,93.479565
290.65,15,93.495227
295.35,11,93.506602
312.35,20,93.524709
304.9,17,93.539162
305.7,20,93.560243
304.65,11,93.570863
275.75,9,93.578809
312.1,14,93.593838
264.15,29,93.622852
-14.8,86,93.708301
281.2,23,93.727638
272.5,35,94.674825
313.25,15,94.692199
285.6,21,94.718248
268.65,34,94.756645
295.95,15,94.771623
304.6,4,94.776311
254.05,26,94.807332
299.65,17,94.823425
297.65,13,94.838336
290.4,9,94.84754
289.65,28,94.873233
299.35,11,94.888365
307.5,10,94.898158
306.9,6,94.904669
309.85,19,94.921737
306.35,9,94.929359
308.05,7,94.938005
303.4,18,94.956769
251.7,32,94.990777
307.75,16,95.007555
306.9,6,95.013548
290.5,16,95.027818
308.65,11,95.038996
275.95,8,95.046006
259.8,40,95.08938
303.45,3,95.092371
293.0,24,95.116996
303.45,3,95.119008
308.1,14,95.129764
-937.1,250,95.371547
302.3,2,95.373528
306.9,6,95.37948
310.95,13,95.393761
295.35,11,95.406779
301.75,5,95.410789
300.6,4,95.412784
287.8,16,95.432183
291.45,11,95.443382
310.95,13,95.455711
303.45,3,95.458566
301.2,8,95.465514
306.6,15,95.477744
309.9,19,95.497353
313.8,12,95.509529
306.35,9,95.519674
299.1,5,95.524576
-1000.9,250,95.760858
310.65,22,95.791189
296.95,17,95.80737
314.4,16,95.820582
300.25,6,95.825101
304.85,10,95.835611
292.5,12,95.845132
241.6,29,95.871746
314.95,13,95.886991
271.65,33,95.917874
305.8,12,95.928269
302.0,11,95.940469
310.95,13,95.952554
284.35,13,95.965273
308.1,14,95.977455
300.85,10,95.986965
297.05,9,95.995999
304.15,14,96.016791
295.25,19,96.036661
302.05,18,96.054
303.45,25,96.078587
308.3,13,96.093625
310.4,16,96.110743
306.35,9,96.118804
303.7,9,96.127235
280.65,19,96.14549
-1105.25,250,96.393445
298.35,9,96.401651
314.95,13,96.415637
-986.4,250,96.644867
307.75,16,96.658395
302.3,2,96.660391
293.6,6,96.66869
293.5,14,96.680034
-243.4,186,97.823099
305.75,5,97.828687
300.6,26,97.854674
305.75,5,97.85993
310.4,16,97.882442
302.6,15,97.897392
297.3,15,97.907528
303.45,3,97.910462
302.4,9,97.921171
298.0,11,97.931366
310.85,21,98.059229
303.7,9,98.071036
313.8,12,98.086246
284.95,25,98.135301
301.4,7,98.143329
273.75,20,98.172022
308.05,7,98.182077
295.5,25,98.207781
308.65,11,98.222224
309.85,19,98.244716
-1031.5,250,98.522764
298.0,11,98.535411
308.05,7,98.542418
301.15,1,98.543417
-1014.5,250,98.80193
173.4,38,98.840349
314.95,13,98.854648
231.45,48,98.902664
289.95,19,98.921218
291.2,12,98.933451
303.7,9,98.94146
313.8,12,98.954486
-1109.0,250,99.203011
306.35,9,99.213029
298.9,6,99.22042
308.65,11,99.231371
301.2,8,99.238609
304.6,4,99.241526
305.45,14,99.255933
299.1,5,99.261795
306.0,11,99.271115
289.9,19,99.288143
305.2,8,99.297653
308.05,7,99.30318
293.65,13,99.315413
264.15,22,99.338909
302.3,2,99.341816
299.6,17,99.360714
301.4,7,99.37092
304.85,10,99.381442
304.05,7,99.386475
298.25,17,99.403696
303.75,16,99.419559
302.0,11,99.431912
303.1,20,99.452574
-1117.0,250,99.715335
-1032.85,250,100.998876
-1021.15,250,101.274691
312.65,11,101.288625
304.3,13,101.304643
116.15,91,101.40256
299.95,15,101.422325
316.35,20,101.444473
302.9,6,101.450564
316.7,18,101.468006
307.5,10,101.479971
302.55,8,101.488048
297.05,9,101.496677
313.85,19,101.513373
303.45,3,101.515439
313.85,19,101.535189
308.2,21,101.56118
306.35,9,101.569217
312.1,14,101.581384
305.4,7,101.58848
299.15,12,101.600561
281.8,27,101.627317
289.4,22,101.652709
302.3,2,101.654627
265.0,17,101.677132
305.75,5,101.681143
310.35,9,101.688713
301.75,5,101.696718
301.65,13,101.709866
312.1,14,101.720901
265.7,44,101.770783
-1024.85,250,102.018061
293.1,16,102.035309
294.6,15,102.048419
213.7,36,102.085721
224.2,44,102.129798
293.65,13,102.141851
277.95,34,102.179543
-993.1,250,102.590421
284.95,17,102.612228
310.95,13,102.630357
185.9,35,102.669845
306.05,18,102.692758
-1051.95,250,103.004016
209.85,28,103.028427
-968.85,250,103.296643
306.9,6,103.302748
297.95,26,104.276528
276.95,17,104.293839
298.2,10,104.302939
314.95,13,104.315457
292.3,13,104.328577
-1011.95,250,104.597435
296.8,3,104.601434
302.6,15,104.613114
312.65,11,104.62569
283.75,9,104.635613
311.5,10,104.646709
308.1,14,104.66035
305.75,5,104.665297
284.3,29,104.69291
-42.15,113,104.809009
-1026.35,250,105.045488
295.4,18,105.062985
293.6,6,105.068626
292.7,11,105.081267
260.2,45,105.130078
-948.95,250,105.365432
155.5,49,105.416535
304.6,4,105.420646
308.05,7,105.428749
298.2,10,105.440588
306.35,9,105.450675
-93.0,115,105.563416
280.2,29,105.598177
294.25,17,105.620291
291.45,18,105.641343
293.15,23,105.663099
298.8,14,105.676635
237.4,30,105.710709
291.1,27,105.739885
308.05,7,105.746401
300.7,11,105.757504
317.25,15,105.770149
297.05,9,105.778736
299.45,18,105.798344
225.95,74,105.879772
301.15,1,105.880772
293.15,23,105.90792
295.05,20,105.926478
148.05,46,105.977477
295.9,8,105.986059
210.75,30,106.017409
300.5,12,106.030247
274.95,22,106.050934
306.35,9,106.061996
312.9,17,106.081394
304.6,4,106.08559
316.7,18,106.10568
281.85,12,106.119715
146.5,62,106.182007
291.95,15,106.194551
202.7,38,106.241148
301.15,1,106.242606
308.65,11,106.253059
-894.25,250,107.901875
307.5,10,107.920304
276.25,29,107.960343
-1050.55,250,108.31793
273.7,13,108.335281
309.25,15,108.352885
294.9,14,108.368199
300.25,6,108.376707
300.55,19,108.396836
299.95,15,108.419749
231.05,43,108.478065
245.2,31,108.521361
305.75,5,108.52915
-923.45,250,108.860615
304.6,4,108.866615
227.55,33,108.915357
309.25,15,108.937907
-1074.35,250,109.309775
299.95,15,109.328365
304.05,7,109.336925
168.2,45,109.40291
298.45,16,109.426992
305.75,5,109.433333
295.6,17,109.462418
306.9,6,109.472107
197.55,30,109.521872
304.05,7,109.534693
305.4,7,109.552954
294.6,8,109.566894
305.2,8,109.581324
268.25,21,109.610349
192.2,37,109.66183
300.6,4,109.667909
-1022.5,250,110.015597
293.65,13,110.033224
287.2,12,110.051486
304.85,10,110.062153
309.8,12,110.076595
306.35,9,110.089638
263.7,24,110.122175
316.9,17,110.143245
306.9,6,110.153326
308.65,11,110.169735
265.8,20,110.193083
-936.8,250,110.520182
278.65,15,110.541295
-875.8,250,111.950383
308.65,11,111.961551
305.2,8,111.968557
291.45,25,111.994724
294.6,15,112.022179
299.95,15,112.036404
270.85,14,112.048732
267.4,11,112.059213
305.25,15,112.074872
275.5,26,112.099926
303.45,3,112.102915
312.1,14,112.117819
219.3,34,112.151445
298.3,24,112.172921
298.2,10,112.180956
297.05,9,112.190256
305.75,5,112.194683
295.6,17,112.210396
300.25,6,112.216437
304.05,7,112.223441
309.2,8,112.231145
301.15,1,112.232422
284.35,13,112.245643
301.75,5,112.250203
308.05,7,112.257501
305.75,5,112.262955
303.4,18,112.277924
258.4,24,112.301338
-1058.55,250,112.545047
309.45,14,112.557887
299.35,11,112.569949
263.75,24,112.591591
294.45,16,112.60986
-755.4,250,112.842134
306.65,15,112.857177
238.45,39,112.898481
305.45,14,112.911531
276.65,26,112.937242
209.8,36,112.974873
303.45,3,112.977023
292.2,14,112.989748
168.8,57,113.044659
305.75,5,113.049173
278.05,33,113.077125
277.35,15,113.091664
286.25,10,113.104838
309.2,8,113.111425
306.35,9,113.119481
304.6,4,113.128531
292.55,19,113.155516
310.95,13,113.166144
304.25,6,113.174663
136.55,66,113.245512
303.55,17,113.260306
-997.35,250,113.492169
289.05,9,113.502208
301.15,1,113.5032
305.4,7,113.508582
302.3,2,113.510961
282.35,24,113.53267
311.5,10,113.546528
225.8,28,113.57534
308.9,17,113.592953
-762.35,250,114.830762
296.05,7,114.83938
287.4,11,114.849474
304.6,4,114.852473
-764.8,250,115.154672
295.95,15,115.177334
292.15,14,115.196754
302.9,6,115.205293
311.55,17,115.228084
299.7,9,115.238112
287.95,15,115.258314
150.0,50,115.322147
312.1,14,115.337331
316.7,18,115.359437
305.9,19,115.384643
-715.5,250,115.658718
292.6,19,115.686039
301.95,4,115.690048
286.2,18,115.705808
251.9,23,115.738938
292.85,10,115.749186
231.6,40,115.789465
289.6,6,115.79447
304.6,4,115.798487
306.9,6,115.804989
310.95,13,115.819168
-1025.2,250,116.071162
293.6,6,116.075707
308.05,7,116.083284
308.65,11,116.093063
307.5,10,116.103762
301.15,1,116.105354
303.45,3,116.107728
305.1,16,116.125677
305.8,12,116.136564
306.0,11,116.148295
226.0,34,116.180017
-719.5,250,116.417358
306.9,6,116.423357
250.0,34,116.455988
302.9,6,116.464497
300.25,6,116.472795
308.65,11,116.487779
313.25,15,116.505134
302.9,6,116.511219
234.35,32,116.53843
305.75,5,116.542426
301.4,7,116.55052
304.65,11,116.560602
300.5,12,116.571359
303.45,3,116.573358
308.3,13,116.584491
313.3,22,116.604445
313.8,12,116.617347
312.65,11,116.629709
286.15,25,116.658179
305.75,5,116.6646
282.8,22,116.684898
295.35,11,116.697158
308.65,11,116.708598
246.8,37,116.744669
-636.7,250,118.093463
308.65,11,118.105689
284.05,22,118.131488
300.75,18,118.149875
304.6,4,118.153872
316.15,21,118.178674
297.9,26,118.204498
-1033.1,250,118.471408
304.05,7,118.477269
268.65,19,118.49454
308.1,14,118.51294
311.55,17,118.529033
303.7,9,118.539428
145.45,125,118.659023
306.35,9,118.66652
310.95,13,118.67769
292.5,12,118.692249
274.85,14,118.706921
303.45,3,118.709929
303.75,16,118.723491
302.3,2,118.7255
258.25,25,118.758665
290.8,14,118.772182
-1010.35,250,119.007925
308.65,11,119.018447
302.3,2,119.020447
305.75,5,119.024958
310.95,13,119.03549
308.05,7,119.041499
313.8,12,119.052068
-659.45,250,119.290665
232.35,36,119.327353
313.8,12,119.339757
300.9,17,119.356606
309.8,12,119.374759
306.25,17,119.390468
308.05,7,119.397309
303.45,3,119.400323
301.15,1,119.400323
293.1,16,119.414894
282.25,10,119.423425
304.05,7,119.429489
297.1,16,119.445361
264.6,34,119.481089
293.85,12,119.494825
302.85,21,119.509426
307.55,17,119.530442
305.25,15,119.54367
-644.8,250,119.795578
312.1,14,119.810095
300.6,4,119.814511
236.3,29,119.841532
299.95,15,119.854718
308.05,7,119.860329
307.5,10,119.869289
302.75,7,119.878016
302.25,17,119.893812
308.65,11,119.905683
305.8,12,119.91749
-643.35,250,121.207147
312.9,17,121.225404
287.55,18,121.246628
317.25,15,121.26334
-173.4,126,121.400343
303.45,3,121.403346
281.35,15,121.418961
310.95,13,121.433052
300.6,4,121.436948
303.45,3,121.439869
295.0,13,121.451965
304.6,4,121.455983
303.45,3,121.459986
309.2,8,121.466999
301.95,4,121.472002
282.4,9,121.487459
250.25,25,121.511017
310.35,9,121.518876
310.35,9,121.528644
271.8,31,121.559722
309.8,12,121.570606
174.15,56,121.630201
274.35,24,121.654631
300.65,11,121.667206
309.8,12,121.681266
286.35,24,121.705569
303.45,3,121.712135
279.1,28,121.744709
308.65,11,121.755233
251.85,46,121.80326
295.65,24,121.828421
305.2,8,121.839008
304.6,4,121.846047
312.65,11,121.860107
218.25,49,121.914691
305.25,15,121.931607
304.1,14,121.946823
295.15,12,121.959893
299.1,5,121.964885
302.95,13,121.977881
304.6,4,121.980977
281.15,16,121.995712
301.15,1,121.996698
303.7,9,122.006278
299.35,11,122.021376
306.9,6,122.027616
314.95,13,122.039675
306.45,23,122.065315
299.4,18,122.08193
305.75,5,122.087466
279.1,20,122.105022
300.85,10,122.113647
301.15,1,122.114642
310.95,13,122.125773
276.65,26,122.145765
293.75,27,122.170258
-780.65,250,122.399429
304.6,4,122.403435
301.15,1,122.404939
295.35,11,122.416571
315.2,19,122.432728
287.7,24,122.457555
307.5,10,122.466569
297.65,13,122.479395
270.8,29,122.512433
312.65,11,122.52148
311.5,10,122.531054
247.5,33,122.564671
309.2,8,122.573646
307.75,16,122.592493
312.1,14,122.607821
299.1,5,122.613979
305.75,5,122.618884
303.15,12,122.630938
277.55,21,122.65164
304.6,4,122.65742
284.75,18,122.675415
306.35,9,122.684756
304.35,20,122.705493
-601.75,250,122.945694
204.05,45,122.989645
280.85,25,123.015357
304.65,11,123.025583
-1024.95,250,124.23534
292.15,14,124.253754
306.95,13,124.271019
307.5,10,124.290633
314.95,13,124.30166
221.05,25,124.32296
299.45,18,124.336452
301.4,7,124.342461
-656.9,250,124.574898
301.2,8,124.582191
306.9,6,124.589237
303.4,18,124.607449
310.6,15,124.625422
315.55,17,124.638465
303.45,3,124.641461
308.05,7,124.64684
253.1,46,124.690295
317.85,19,124.706953
267.85,16,124.727731
310.95,13,124.74195
303.7,9,124.749339
301.4,7,124.761059
306.85,21,124.786493
300.25,6,124.79739
310.35,9,124.805478
-1049.2,250,125.025279
306.9,6,125.030286
304.3,13,125.045127
314.4,16,125.059911
287.95,15,125.076569
302.3,2,125.078565
312.65,11,125.089546
305.75,5,125.094971
313.25,15,125.108352
308.05,7,125.112273
305.2,8,125.117302
303.7,9,125.128913
309.2,8,125.136432
308.3,13,125.156571
-614.0,250,125.395548
312.65,11,125.40566
288.35,13,125.417743
308.9,17,125.442572
304.6,4,125.445577
309.25,15,125.459909
51.0,69,125.533111
300.35,20,125.549503
-731.45,250,125.806482
305.25,15,125.823069
308.65,11,125.834606
156.4,51,125.881168
299.3,26,125.912798
305.2,8,125.919969
239.15,35,125.950773
299.35,11,125.963133
223.55,64,126.027992
308.1,14,126.043216
5.3,135,127.114783
308.05,7,127.122334
313.8,12,127.131411
303.45,3,127.135425
317.3,22,127.159956
310.35,9,127.171521
306.35,9,127.182089
304.05,7,127.189371
309.25,15,127.205569
290.35,17,127.222725
292.45,5,127.227235
306.35,9,127.239285
310.95,13,127.249311
279.9,24,127.272167
307.2,19,127.28932
312.7,18,127.305573
306.35,9,127.313173
312.1,14,127.326637
312.65,11,127.338001
284.55,20,127.355599
306.9,6,127.363529
199.65,49,127.407308
304.1,14,127.418941
278.3,17,127.435241
302.35,9,127.443475
301.2,8,127.450552
304.85,10,127.458556
293.6,6,127.468669
293.25,15,127.483032
-597.9,250,127.726973
306.95,13,127.738768
277.6,21,127.756421
259.75,24,127.776953
294.25,17,127.791907
310.0,11,127.804533
311.5,10,127.813073
299.95,15,127.826563
314.95,13,127.838747
309.25,15,127.850008
313.25,15,127.862086
311.75,16,127.875649
91.8,127,127.991379
298.6,15,128.005243
305.75,5,128.009772
304.65,11,128.017297
304.6,4,128.0213
306.35,9,128.029582
38.05,177,128.228574
309.25,15,128.240607
306.9,6,128.245606
307.5,10,128.256842
300.9,17,128.273021
308.05,7,128.280269
302.95,13,128.291697
308.05,7,128.296655
287.85,23,128.318313
308.65,11,128.329411
310.35,9,128.340461
305.3,15,128.355065
247.65,32,128.38011
295.9,8,128.388225
308.65,11,128.400262
213.2,64,128.486236
292.5,12,128.495306
-670.0,250,128.718179
306.45,23,128.748303
301.15,16,128.769423
309.2,8,128.778775
297.4,7,128.788207
304.6,4,128.79322
295.6,17,128.807631
303.5,10,128.814654
297.95,4,128.818808
302.9,6,128.824804
313.8,12,128.835469
305.75,5,128.842551
303.75,16,128.858264
303.55,17,128.876505
295.95,15,128.888135
271.65,25,128.909284
293.25,8,128.91633
301.65,13,128.927482
284.9,32,128.953153
302.25,17,128.973292
308.05,7,128.979501
301.65,13,128.992482
305.2,8,128.999506
292.15,7,129.009027
-567.45,250,130.195585
307.5,10,130.204633
291.9,8,130.215727
305.75,5,130.22275
302.3,2,130.226778
271.05,29,130.250488
281.95,19,130.267317
276.35,13,130.277433
301.75,5,130.28241
-1018.5,250,130.527415
305.75,5,130.535561
305.75,5,130.540659
282.7,22,130.560277
-977.2,250,130.790156
306.9,6,130.796656
309.8,12,130.806206
-1030.35,250,131.03806
300.6,4,131.042072
304.3,13,131.055431
305.8,12,131.063538
302.9,6,131.069621
298.6,15,131.083831
308.65,11,131.102954
309.8,12,131.112998
253.15,31,131.143623
306.95,13,131.152656
-585.9,250,131.389538
300.35,20,131.41322
312.7,18,131.428299
281.75,20,131.449113
296.5,12,131.459037
314.95,13,131.470792
310.35,9,131.476486
314.95,13,131.48942
306.95,13,131.502458
309.2,8,131.509556
312.1,14,131.521574
-979.95,250,131.760192
304.05,7,131.768219
263.35,26,131.794564
299.75,16,131.818989
303.45,3,131.822809
305.75,5,131.828978
310.35,9,131.836993
285.7,13,131.851853
316.1,14,131.863442
310.35,9,131.871539
310.35,9,131.882894
-683.45,250,133.539576
183.35,57,133.59866
305.8,12,133.609089
303.5,10,133.618012
304.05,7,133.62392
304.6,4,133.627432
309.8,12,133.637839
-560.55,250,133.865841
298.95,13,133.883449
307.5,10,133.894593
-590.15,250,134.128133
306.35,9,134.137983
281.4,22,134.163661
312.65,11,134.181495
304.6,4,134.185496
302.3,2,134.1875
302.95,13,134.200083
290.2,10,134.20911
-1059.85,250,134.44629
301.15,1,134.447934
266.45,31,134.474608
285.85,12,134.484816
312.65,11,134.49289
284.7,11,134.502392
304.6,4,134.506422
299.1,27,134.530263
309.3,22,134.551432
297.05,9,134.558478
-588.55,250,134.817311
-591.25,250,135.061587
303.4,18,135.077124
304.05,7,135.083201
301.15,1,135.083201
308.05,7,135.089421
310.35,9,135.09799
311.5,10,135.106007
-1149.2,250,135.331412
301.1,16,135.34937
317.25,15,135.36544
304.85,10,136.335358
298.9,6,136.340919
280.95,17,136.358337
306.9,6,136.363336
299.6,17,136.375411
301.2,8,136.383051
310.35,9,136.391195
304.6,4,136.394551
292.55,19,136.41452
304.05,7,136.421053
277.5,14,136.43774
284.1,7,136.446266
304.6,4,136.450313
309.25,15,136.463409
306.95,13,136.473433
270.65,30,136.502426
303.45,3,136.508482
308.65,11,136.520773
314.4,16,136.538762
208.05,38,136.583572
309.2,8,136.590533
304.6,4,136.594845
304.85,10,136.603472
312.65,11,136.612745
299.4,18,136.627003
312.65,11,136.635613
304.6,4,136.640734
306.9,6,136.648219
304.05,7,136.653215
309.45,14,136.667826
308.65,11,136.678426
-1074.3,250,136.905321
305.1,16,136.919314
304.6,4,136.923209
308.05,7,136.93532
307.5,10,136.950296
303.45,3,136.953263
302.35,9,136.961813
308.65,11,136.970216
306.35,9,136.983332
295.2,12,136.995517
310.35,9,137.005702
305.15,16,137.020548
303.45,3,137.023552
268.6,27,137.050518
-1051.8,250,137.300214
285.3,23,137.321384
-571.2,250,137.583569
300.9,17,137.60218
312.65,11,137.612274
296.7,11,137.624915
312.65,11,137.637982
262.3,32,137.675532
310.35,9,137.685222
138.7,61,137.753333
302.55,8,137.76352
311.8,23,137.786603
230.15,26,137.813103
304.05,7,137.819692
317.25,15,137.833731
307.75,16,137.854668
300.05,7,137.863208
311.5,10,137.872254
306.95,13,137.885375
151.2,58,137.94048
317.85,19,137.963226
307.2,19,137.980337
286.4,9,137.987426
237.0,32,138.013113
313.25,15,138.030593
-600.6,250,138.264469
-1041.05,250,139.372468
304.2,21,139.394568
259.95,30,139.422518
298.2,10,139.433282
149.05,63,139.495344
304.6,4,139.499351
-1027.75,250,139.761847
290.8,22,139.779775
-599.2,250,140.026881
193.75,76,140.108818
304.6,4,140.112742
308.05,7,140.118972
166.3,65,140.183263
313.8,12,140.196343
305.85,19,140.215548
299.35,11,140.22687
304.05,7,140.232875
304.6,4,140.237113
306.9,6,140.242113
310.95,13,140.256654
309.7,20,140.281132
313.8,12,140.292004
316.7,18,140.309176
310.35,9,140.316333
310.35,9,140.323337
310.35,9,140.3312
294.25,17,140.345699
278.85,45,140.386436
-591.35,250,140.635688
-1035.85,250,140.866707
305.75,5,140.871267
305.8,12,140.881567
310.35,9,140.890431
303.7,9,140.899798
283.75,9,140.911404
306.35,9,140.921053
272.9,40,140.956418
304.05,7,140.962327
-1034.5,250,141.183428
311.75,16,141.19732
306.0,11,141.207418
309.8,12,142.129968
297.3,15,142.14457
301.15,1,142.145165
280.25,28,142.179827
297.65,21,142.200812
305.45,14,142.212333
-571.3,250,142.457904
308.05,7,142.463886
283.25,19,142.485373
308.05,7,142.495349
306.35,9,142.50547
-1009.3,250,142.747623
306.9,6,142.754929
288.45,20,142.775103
286.45,16,142.793189
310.35,9,142.801025
218.8,60,142.860482
313.8,12,142.872493
313.25,15,142.892273
95.85,71,142.953225
314.05,18,142.972054
309.2,8,142.979483
294.95,13,142.998414
309.25,15,143.015498
303.45,3,143.018014
301.75,5,143.025368
311.5,10,143.032379
-569.9,250,143.272122
311.5,10,143.279685
273.95,19,143.297597
302.35,9,143.305526
310.35,9,143.313533
302.3,2,143.315545
301.1,16,143.335654
292.2,14,143.358428
288.15,22,143.39045
-603.35,250,143.643046
291.9,8,143.650299
308.05,7,143.657189
-584.7,250,143.892466
298.35,9,143.900029
303.45,3,143.902047
268.55,28,143.926251
302.35,9,143.935748
304.6,4,143.940024
267.95,30,143.970386
299.15,12,143.985577
-304.15,222,145.10528
310.95,13,145.116961
313.25,15,145.130794
296.45,20,145.148982
-1042.65,250,145.392815
303.45,3,145.396438
311.5,10,145.407113
304.6,4,145.411207
261.8,36,145.44334
308.05,7,145.449371
306.9,6,145.4574
280.8,34,145.502975
302.3,2,145.505484
310.95,13,145.51943
313.25,15,145.537661
313.85,19,145.558279
303.45,3,145.561294
289.5,14,145.574823
308.65,11,145.589011
300.9,17,145.603776
302.3,2,145.606915
312.1,14,145.618969
305.75,5,145.622968
303.45,3,145.626982
310.95,13,145.64004
297.4,7,145.644577
296.7,11,145.654647
300.75,18,145.671348
284.2,22,145.691497
-607.35,250,145.938852
300.05,7,145.951018
298.9,6,145.956038
311.5,10,145.967087
301.15,1,145.969087
296.55,19,145.983721
310.35,9,145.994396
311.5,10,146.002853
308.05,7,146.007996
308.15,21,146.026598
303.45,3,146.029583
306.9,6,146.034569
306.9,6,146.039329
306.9,6,146.046354
305.75,5,146.051365
289.2,16,146.07147
301.15,1,146.085055
304.05,7,146.091603
312.7,18,146.107709
304.6,4,146.110693
306.9,6,146.115741
310.35,9,146.123359
309.5,21,146.140489
309.8,12,146.151549
-1098.4,250,146.380984
248.25,36,146.414453
306.35,9,146.424542
310.95,13,146.440653
296.2,21,146.458512
306.4,16,146.471538
305.75,5,146.476634
298.55,8,146.483654
314.85,21,146.505486
281.35,15,146.518222
308.05,7,146.523195
309.8,12,146.535735
309.2,8,146.546404
299.35,11,146.559025
315.55,17,146.573703
311.0,20,146.590558
309.2,8,146.597214
301.75,5,146.601232
303.45,3,146.603303
305.8,12,146.614522
316.1,14,146.625934
304.6,4,146.629934
315.0,20,146.64296
318.4,16,146.65854
309.2,8,146.667524
287.0,13,146.683055
302.3,17,146.70266
-990.65,250,146.974746
268.1,22,146.995839
293.4,7,147.002847
309.8,12,147.010484
304.05,7,147.017688
294.25,17,147.04142
314.4,16,147.062708
266.3,17,147.077358
305.75,5,147.083345
308.05,7,147.090444
304.65,11,147.100041
-1019.95,250,148.215356
301.75,5,148.220806
280.0,15,148.236511
305.2,8,148.24459
300.15,14,148.259645
295.9,8,148.26768
-597.7,250,148.496327
303.15,12,148.507085
207.05,36,148.541525
265.65,28,148.565674
309.25,15,148.582809
313.85,19,148.601231
301.45,14,148.612263
305.75,5,148.618785
-572.55,250,148.851078
303.45,3,148.854681
305.75,5,148.859135
306.35,9,148.86708
310.35,9,148.874705
318.4,16,148.891091
297.95,4,148.896214
303.45,3,148.902735
311.55,17,148.921452
302.9,6,148.925851
302.9,6,148.93666
303.45,3,148.93931
313.8,12,148.94843
299.25,19,148.966327
305.75,5,148.970307
302.3,2,148.972304
302.3,2,148.973304
295.5,10,148.98233
313.8,12,148.992402
265.3,31,149.019538
302.35,9,149.026547
302.3,2,149.028557
282.05,11,149.03821
313.8,12,149.048447
310.35,9,149.055668
306.35,9,149.06602
308.1,14,149.076452
-583.25,250,149.313335
314.95,13,149.325374
308.05,7,149.333379
309.2,8,149.339409
296.7,11,149.351486
296.55,19,149.371022
313.8,12,149.385571
-970.75,250,149.623841
-967.95,250,149.875365
317.25,15,149.897198
307.5,10,149.906553
311.5,10,149.91565
298.35,9,149.921426
-930.7,250,151.088669
316.1,14,151.105708
288.9,10,151.11482
314.95,13,151.125065
313.8,12,151.138578
303.45,3,151.141914
302.9,6,151.150729
310.95,13,151.163008
296.75,18,151.18215
176.2,60,151.233603
305.75,5,151.238664
316.1,14,151.252647
298.05,11,151.260654
217.3,38,151.302619
305.8,12,151.312636
303.5,10,151.321055
306.9,6,151.330712
310.35,9,151.343805
265.25,23,151.363516
308.05,7,151.369779
303.0,20,151.389565
302.9,6,151.395495
312.65,11,151.406529
293.1,16,151.422491
307.5,10,151.434693
301.2,8,151.441033
302.3,2,151.442947
289.35,22,151.464938
300.25,6,151.470648
304.05,7,151.475709
302.9,6,151.483347
310.95,13,151.498017
309.8,12,151.507743
312.1,14,151.524671
312.1,14,151.536451
313.85,19,151.552921
-1062.45,250,151.820374
300.6,4,151.826962
297.9,19,151.84656
298.2,10,151.85339
305.75,5,151.85861
310.6,15,151.870011
304.6,4,151.873012
305.75,5,151.87603
313.25,15,151.891217
304.65,11,151.900443
305.75,5,151.905475
242.5,24,151.929084
314.95,13,151.940517
-610.05,250,152.165569
-1046.35,250,152.410164
308.65,11,152.420578
310.35,9,152.428546
269.0,17,152.444636
309.8,12,152.456873
309.8,12,152.468734
-658.1,250,152.688493
307.75,16,152.709663
303.45,3,152.712662
311.5,10,152.722075
312.65,11,152.73307
307.5,10,152.745315
306.9,6,152.751424
306.55,8,152.757224
303.45,3,152.763314
306.35,9,152.771616
291.0,13,152.783202
306.9,6,152.787509
306.6,15,152.799285
259.2,34,152.829697
304.6,4,152.83375
306.05,18,154.011621
308.65,11,154.024652
304.05,7,154.031667
287.95,15,154.047726
313.8,12,154.062287
302.35,9,154.070385
309.8,12,154.080965
294.75,22,154.103736
305.75,5,154.109733
305.75,5,154.115402
307.5,10,154.130199
283.4,33,154.162992
303.4,18,154.180115
294.75,7,154.187128
-1038.55,250,154.439672
295.35,11,154.451712
300.25,6,154.459227
315.55,17,154.476365
317.25,15,154.488971
314.95,13,154.508207
301.1,16,154.523261
306.9,6,154.530018
-575.0,250,154.790628
304.7,18,154.810925
313.8,12,154.821495
304.05,7,154.827561
305.75,5,154.831662
307.5,10,154.842272
308.65,11,154.852709
301.15,1,154.853705
-618.15,250,155.097991
312.1,14,155.111948
295.95,15,155.128917
305.75,5,155.133916
315.55,17,155.149482
301.1,16,155.164474
303.5,10,155.177046
302.3,2,155.179138
292.45,5,155.18313
317.5,21,155.206291
306.35,9,155.214978
305.85,19,155.231497
306.9,6,155.237043
303.4,18,155.260174
307.5,10,155.269107
302.9,6,155.273197
314.4,16,155.289768
301.75,5,155.296303
315.55,17,155.312216
308.65,11,155.324507
308.3,13,155.34007
310.35,9,155.35014
-1078.2,250,155.601124
304.6,4,155.604636
-1046.55,250,155.850127
300.45,27,155.881227
-916.1,250,157.102418
308.05,7,157.113471
313.8,12,157.128647
300.6,4,157.132647
304.6,4,157.137676
301.15,1,157.141154
304.65,11,157.156552
311.0,20,157.178929
269.4,22,157.197451
294.7,22,157.217816
313.8,12,157.229365
296.3,13,157.240446
306.35,9,157.249105
293.9,19,157.268195
312.1,14,157.283146
304.05,7,157.294545
312.65,11,157.310354
304.9,17,157.328462
297.05,9,157.338722
305.8,12,157.349918
299.75,9,157.362506
299.35,11,157.373758
-592.9,250,157.643775
306.95,13,157.657
301.75,5,157.664448
225.1,32,157.697445
305.75,5,157.701449
307.5,10,157.710488
304.6,4,157.71347
293.05,9,157.723507
310.95,13,157.735299
308.05,7,157.743056
307.5,10,157.753263
304.55,19,157.771605
278.65,15,157.78625
301.15,1,157.787254
300.35,20,157.805666
303.45,3,157.808757
302.35,9,157.817132
270.6,30,157.843601
318.4,16,157.857093
295.35,11,157.867374
-1131.55,250,158.087568
298.8,14,158.099182
300.35,13,158.110594
311.5,10,158.119129
302.3,2,158.122136
293.25,8,158.129145
301.2,8,158.135659
298.35,9,158.143268
305.75,5,158.148455
-601.9,250,158.395771
308.05,7,158.401781
309.25,15,158.416339
303.5,10,158.428324
303.45,3,158.431314
285.0,24,158.453764
306.35,9,158.463174
303.7,9,158.4722
304.6,4,158.475425
304.6,4,158.47952
304.6,4,158.4838
305.75,5,158.490674
313.8,12,158.500777
-581.85,250,158.713331
255.25,43,158.76061
300.6,4,158.765205
262.15,18,158.78033
305.8,12,158.791945
302.9,6,158.79646
315.75,16,158.815751
309.2,8,158.825376
307.5,10,158.834905
316.7,18,158.849719
310.6,15,158.861444
300.25,6,158.866779
303.7,9,158.873685
310.35,9,158.880769
310.35,9,158.888757
302.6,15,158.901211
307.5,10,158.915238
316.7,18,158.934655
303.45,3,158.939636
301.15,1,158.941641
289.9,19,158.960244
310.35,9,158.96827
282.25,32,158.998359
279.85,23,159.023368
314.95,13,159.03369
305.75,5,159.039438
308.05,7,159.04345
300.9,17,160.038118
301.75,5,160.04315
309.2,8,160.049476
299.95,15,160.063629
268.2,14,160.076764
308.05,7,160.083758
302.3,2,160.087208
303.45,3,160.089787
311.5,10,160.099297
304.6,4,160.10338
298.8,14,160.12097
291.25,19,160.140412
308.05,7,160.146718
311.5,10,160.163735
-1031.95,250,160.413
301.25,15,160.427072
288.95,17,160.443362
-644.65,250,160.674745
306.9,6,160.679364
-572.65,250,160.915605
307.5,10,160.923617
296.8,18,160.939751
308.65,11,160.956539
306.9,6,160.963529
304.05,7,160.970421
304.05,7,160.976446
233.8,43,161.019468
294.8,14,161.031315
291.9,8,161.039385
309.8,12,161.048324
307.5,10,161.057612
264.85,18,161.075702
301.75,5,161.079909
306.35,9,161.090014
309.8,12,161.100172
295.35,11,161.111214
309.25,15,161.124525
-600.6,250,161.36099
314.4,16,161.388032
305.8,12,161.400959
86.7,85,161.495811
305.25,15,161.508701
308.05,7,161.515524
301.15,1,161.516456
312.65,11,161.526822
312.1,14,161.541159
293.85,12,161.553931
300.6,4,161.557909
312.1,14,161.570506
310.05,18,161.587139
308.05,7,161.593147
305.75,5,161.5966
295.15,5,161.602936
309.8,12,161.612334
303.45,3,161.615464
308.65,11,161.624481
304.6,4,161.62783
303.45,3,161.629829
277.75,20,161.658795
301.15,1,161.659811
301.2,8,161.668246
301.75,5,161.67575
304.6,4,161.681352
282.0,19,161.708289
312.1,14,161.724836
-642.05,250,161.969992
301.75,5,161.972993
301.15,1,161.974499
310.35,9,161.98626
314.95,13,162.000818
299.7,9,162.008421
308.05,7,162.02007
301.8,12,162.02836
306.35,9,162.038661
313.25,15,162.0515
305.75,5,163.40028
304.6,4,163.406364
285.85,12,163.422083
308.05,7,163.433086
300.35,13,163.451339
280.6,19,163.467706
-1059.85,250,163.743871
303.4,18,163.759592
309.2,8,163.767146
308.05,7,163.773154
-1106.45,250,164.028509
302.9,6,164.03487
310.35,9,164.042937
302.9,6,164.048487
308.05,7,164.055142
312.65,11,164.064558
302.8,14,164.078114
305.75,5,164.083006
313.25,15,164.096424
304.05,7,164.104637
-991.9,250,164.346473
310.95,13,164.360995
306.9,6,164.369364
-1018.75,250,164.624623
304.6,4,164.633155
299.15,12,164.646585
306.0,11,164.656754
305.75,5,164.659751
315.55,17,164.67328
310.95,13,164.686375
301.15,1,164.686901
305.75,5,164.691905
304.65,11,164.702591
308.05,7,164.711773
307.2,19,164.731826
-576.65,250,164.975319
299.1,5,164.983688
307.5,10,164.99197
289.55,21,165.009357
310.95,13,165.022574
305.75,5,165.027348
316.1,14,165.04016
306.35,9,165.046946
308.05,7,165.052661
-612.55,250,165.269982
304.05,7,165.276561
308.05,7,165.283714
302.3,2,165.288262
-583.4,250,166.511343
304.05,7,166.518417
300.35,13,166.531453
304.05,7,166.537465
148.4,44,166.587455
309.8,12,166.597559
310.95,13,166.608659
311.5,10,166.617509
302.8,14,166.63001
302.35,9,166.641484
312.1,14,166.660244
304.05,7,166.669288
309.8,12,166.679366
298.0,11,166.689365
296.5,12,166.702941
304.1,14,166.719167
314.05,18,166.736433
308.05,7,166.741659
298.55,8,166.749789
300.25,6,166.754789
304.6,4,166.758071
240.6,34,166.789378
307.5,10,166.800467
310.35,9,166.807712
244.0,30,166.831558
305.75,5,166.836521
309.8,12,166.853121
308.05,7,166.85864
302.3,2,166.859637
309.2,8,166.868198
310.35,9,166.875792
302.9,6,166.883037
305.2,8,166.889694
297.35,22,166.909738
316.1,14,166.920619
301.15,1,166.921608
304.05,7,166.926806
306.9,6,166.932805
307.55,17,166.94881
-976.0,250,167.191718
305.75,5,167.198648
305.75,5,167.202645
304.05,7,167.212412
304.6,4,167.215492
304.05,7,167.222196
304.05,7,167.229071
308.65,11,167.239893
300.25,6,167.2454
308.05,7,167.252035
299.4,18,167.26949
303.45,3,167.272592
302.55,8,167.278799
308.05,7,167.285311
301.65,13,167.297378
308.65,11,167.306778
318.4,16,167.320154
293.05,9,167.327742
309.2,8,167.333826
252.75,33,167.365078
-579.05,250,167.598509
309.8,12,167.609578
310.95,13,167.620233
309.8,12,167.631309
308.05,7,167.637415
311.5,10,167.650249
-564.65,250,167.91282
313.8,12,167.923606
309.3,15,167.939936
302.9,6,167.94645
316.1,14,167.960939
319.55,17,167.980081
297.7,20,168.000709
308.65,11,168.009411
306.9,6,168.014923
310.35,9,168.021083
312.1,14,168.033042
313.8,12,168.043067
312.1,14,168.055434
300.45,5,168.06015
301.2,8,168.068073
308.65,11,168.083656
304.6,4,168.0877
306.35,9,168.094706
306.9,6,168.10051
310.35,9,168.10852
304.6,4,168.11352
303.45,3,168.115525
312.65,11,168.12605
304.05,7,168.134645
313.85,19,168.153715
306.35,9,168.16533
285.2,23,168.190254
-612.65,250,169.364581
310.35,9,169.372927
304.85,10,169.383444
308.65,11,169.393603
300.45,5,169.398932
276.85,25,169.421866
309.2,8,169.42964
308.05,7,169.435332
310.95,13,169.447779
301.2,8,169.455702
298.35,9,169.467324
304.6,4,169.470323
302.3,2,169.472323
310.35,9,169.481933
301.75,5,169.485718
308.3,13,169.5011
302.9,6,169.512122
303.5,10,169.521173
312.1,14,169.535428
308.05,7,169.542245
301.15,1,169.543237
-1035.85,250,169.792874
304.05,7,169.802038
302.3,2,169.803032
308.35,20,169.823125
297.15,23,169.842483
305.75,5,169.84737
309.8,12,169.857693
283.5,25,169.88175
303.55,17,169.896978
310.35,9,169.907515
308.1,14,169.921328
-1015.9,250,170.167011
311.5,10,170.176877
304.1,14,170.188398
303.7,9,170.197482
299.5,10,170.205533
304.65,11,170.215609
292.1,7,170.221345
302.3,2,170.223344
310.95,13,170.233374
307.5,10,170.240536
282.65,15,170.253074
309.2,8,170.26542
314.4,16,170.283017
307.5,10,170.291086
300.6,4,170.296706
304.6,4,170.299704
302.3,2,170.301699
314.4,16,170.314612
308.65,11,170.324586
308.05,7,170.330204
304.6,4,170.333202
309.8,12,170.343766
234.8,22,170.363126
269.95,19,170.384556
304.1,14,170.399981
279.65,24,170.41836
305.25,15,170.430584
312.65,11,170.439689
313.85,19,170.454612
306.9,6,170.462631
301.2,8,170.468673
313.25,15,170.481617
297.1,16,170.496279
-607.25,250,170.725338
306.9,6,170.730364
311.5,10,170.74823
312.1,14,170.760459
301.75,5,170.76574
303.75,16,170.783187
279.1,20,170.811584
310.35,9,170.82117
253.8,20,170.843863
311.5,10,170.853392
312.1,14,170.867105
-622.05,250,171.088439
304.6,4,171.093438
306.9,6,171.098552
304.6,4,171.103123
311.5,10,171.112025
310.95,13,171.124566
310.05,18,171.142356
304.3,13,171.152993
305.75,5,171.157723
307.0,20,171.176416
305.2,8,171.183577
300.35,20,171.206305
309.65,13,171.215931
302.3,2,171.217935
308.05,7,171.223444
-1107.55,250,172.524388
307.5,10,172.538319
276.2,14,172.560323
312.65,11,172.576751
305.75,5,172.582568
304.05,7,172.595468
303.15,12,172.614122
310.35,9,172.630552
299.7,9,172.647999
300.55,19,172.67821
305.75,5,172.683893
303.45,3,172.688464
301.15,1,172.690456
305.85,19,172.718234
312.65,11,172.732944
309.2,8,172.744706
296.85,10,172.760604
299.7,9,172.772675
302.9,6,172.780154
308.65,11,172.795271
311.5,10,172.80998
299.35,11,172.826834
302.3,2,172.829678
304.6,4,172.833071
310.35,9,172.847288
300.6,4,172.850704
294.25,17,172.871569
306.35,9,172.881812
-709.95,250,173.196951
270.65,30,173.242639
298.2,10,173.257699
308.05,7,173.263697
-1023.9,250,173.670492
-978.65,250,174.075461
309.8,12,174.091254
299.95,15,174.113361
304.6,4,174.118458
241.5,54,174.194813
300.6,4,174.199079
312.3,13,174.217826
307.5,10,174.231201
304.6,4,174.23736
304.6,4,174.242275
314.95,13,174.259654
302.0,11,174.277603
308.65,11,174.296813
309.2,8,174.30885
313.25,15,174.330168
-595.35,250,174.689655
306.35,9,174.704412
318.4,16,174.731405
304.0,22,174.762145
303.45,3,174.765658
312.1,14,174.783316
300.6,4,174.78835
304.1,14,174.806614
316.1,14,174.823133
305.75,5,174.828428
302.9,6,174.834874
319.55,17,174.858372
308.65,11,174.871191
308.05,7,174.87867
300.25,6,174.885319
304.6,4,174.894736
273.45,22,174.926612
-1031.9,250,176.526487
302.55,8,176.538702
310.35,9,176.548797
308.65,11,176.564804
311.5,10,176.573943
297.3,15,176.591047
305.75,5,176.598822
91.35,73,176.693611
313.8,12,176.709293
306.0,11,176.724708
283.0,28,176.764645
308.65,11,176.781573
301.2,8,176.79314
-665.95,250,177.160322
-667.35,250,177.491839
291.2,19,177.5146
305.8,12,177.528931
296.65,4,177.531931
310.05,18,177.551074
307.55,17,177.571434
312.65,11,177.59098
319.55,17,177.611633
-1001.2,250,177.925331
302.3,2,177.928343
287.1,28,177.961003
307.5,10,177.973044
305.75,5,177.978927
306.4,16,177.996035
297.65,13,178.011181
306.95,13,178.028965
298.95,13,178.043096
308.05,7,178.051807
302.95,13,178.063359
285.8,27,178.089772
-640.7,250,178.372228
-656.9,250,178.613541
310.95,13,178.625573
310.35,9,178.634582
312.65,11,178.647414
310.95,13,178.659742
-591.4,250,178.913808
314.4,16,178.930865
306.9,6,178.936372
302.3,2,178.938459
302.3,2,178.940467
313.3,22,178.960468
304.3,13,179.918547
318.4,16,179.934593
284.35,21,179.954739
302.25,17,179.970951
308.65,11,179.980983
301.2,8,179.99026
306.9,6,179.996282
-1110.2,250,180.250411
310.35,9,180.258671
308.65,11,180.269687
304.6,4,180.273678
307.5,10,180.282294
312.65,11,180.297848
307.0,20,180.3178
302.0,11,180.32893
315.55,17,180.345027
304.85,10,180.356649
-641.95,250,180.633018
-598.05,250,180.885748
316.15,21,180.905336
305.45,14,180.916931
312.1,14,180.928478
313.25,15,180.943561
306.9,6,180.948573
316.1,14,180.960837
-1126.25,250,181.21796
303.45,3,181.222053
303.45,3,181.225583
304.3,13,181.238575
309.8,12,181.252322
316.1,14,181.265565
303.45,3,181.270865
312.1,14,181.286516
306.9,6,181.293754
303.45,3,181.297271
314.4,16,181.312818
311.5,10,181.322427
305.2,8,181.332497
303.9,8,181.340353
268.6,12,181.353108
302.3,17,181.370447
305.2,8,181.377526
301.05,9,181.38991
261.35,38,181.429814
308.05,7,181.437321
296.75,18,181.454498
308.1,14,181.466558
312.65,11,181.476351
304.05,7,181.485407
316.1,14,181.502167
310.35,9,181.51027
302.9,6,181.516564
303.45,3,181.519607
290.6,15,181.531807
305.75,5,181.538193
309.2,8,181.544698
305.75,5,181.550439
310.35,9,181.560865
300.9,17,181.578728
308.65,11,181.590967
310.35,9,181.601026
304.6,4,181.604534
306.35,9,181.615239
310.95,13,181.629871
310.95,13,181.643743
298.5,23,181.666515
306.95,13,181.680547
297.15,16,181.697242
309.85,19,181.714852
203.65,33,181.755708
306.95,13,181.772211
311.55,17,181.789535
310.45,23,181.812111
-575.35,250,183.058527
304.6,4,183.064622
303.45,3,183.067595
298.8,14,183.083158
301.15,1,183.085672
311.5,10,183.098747
305.2,8,183.106756
300.65,11,183.118433
310.35,9,183.126429
304.6,4,183.131507
312.1,14,183.149131
301.8,12,183.162496
240.65,34,183.20241
310.0,11,183.216473
306.35,9,183.229191
295.35,11,183.242484
312.65,11,183.257117
69.3,135,183.394842
308.65,11,183.405487
305.8,12,183.419639
304.05,7,183.427125
310.4,16,183.442468
304.6,4,183.447517
300.05,7,183.455038
314.95,13,183.468309
304.6,4,183.472309
-680.7,250,183.738237
312.65,11,183.751539
306.4,16,183.764671
297.95,4,183.768748
313.8,12,183.780843
308.05,7,183.787362
305.8,12,183.80134
312.65,11,183.812997
300.6,4,183.817072
318.4,16,183.831198
304.7,18,183.848013
311.5,10,183.857315
193.15,54,183.919877
314.4,16,183.93483
-596.75,250,184.18916
306.9,6,184.195611
305.25,15,184.209013
297.1,16,184.22564
297.95,4,184.232238
297.65,13,184.244733
295.95,15,184.25845
309.2,8,184.26749
309.8,12,184.278198
303.45,3,184.281277
309.2,8,184.289246
314.95,13,184.303214
305.15,23,184.328199
312.65,11,184.337318
312.65,11,184.348546
306.6,15,184.363856
304.65,11,184.373322
304.7,18,184.390063
306.95,13,184.4037
310.35,9,184.415502
302.3,2,184.417093
-620.65,250,184.661284
303.45,3,184.664785
305.25,15,184.675075
276.3,21,184.699026
-602.05,250,184.945265
306.9,6,184.95136
306.35,9,184.961055
308.05,7,184.969021
310.95,13,184.983218
301.75,5,184.98928
300.6,4,184.994774
300.6,4,184.998035
306.9,6,185.002953
301.15,1,185.005677
-613.95,250,186.230738
314.95,13,186.24295
304.6,4,186.246486
239.25,34,186.27572
305.8,12,186.286247
287.95,15,186.302948
309.8,12,186.320149
308.65,11,186.33488
302.95,13,186.347718
305.75,5,186.35299
309.2,8,186.361655
-973.4,250,186.610929
320.7,18,186.627759
305.2,8,186.633321
303.1,5,186.63741
-649.95,250,186.879528
306.35,9,186.887328
309.8,12,186.901794
301.75,5,186.906276
304.6,4,186.912311
307.5,10,186.920716
290.5,23,186.943357
312.7,18,186.95855
305.75,5,186.965735
315.55,17,186.98798
304.6,4,186.991979
289.65,21,187.01384
299.55,10,187.022591
309.2,8,187.029685
312.1,14,187.043833
304.85,10,187.052376
306.6,15,187.065642
307.55,17,187.083366
308.05,7,187.08939
308.65,11,187.100029
305.75,5,187.104537
306.9,6,187.110886
-646.0,250,187.356643
263.8,24,187.379358
313.8,12,187.39077
295.35,11,187.400307
247.9,16,187.419747
57.8,68,187.488096
298.2,10,187.500285
310.35,9,187.512455
299.5,10,187.528403
308.65,11,187.538697
-582.1,250,187.774765
295.9,8,187.782288
309.8,12,187.793332
309.85,19,187.813083
310.35,9,187.821458
303.45,3,187.824494
289.05,9,187.833376
308.65,11,187.846703
308.05,7,187.85559
309.2,8,187.865432
308.65,11,187.880102
309.45,14,187.891318
310.35,9,187.899347
304.6,4,187.902347
317.25,15,187.916446
303.45,3,187.919434
305.75,5,187.923358
303.45,3,187.930093
316.1,14,187.943397
300.6,4,187.947018
274.05,26,187.97153
314.4,16,187.989335
311.5,10,187.99937
284.4,20,188.016803
-560.5,250,189.192351
311.5,10,189.203338
308.65,11,189.213402
-598.0,250,189.470271
303.45,3,189.474784
300.6,4,189.477325
312.1,14,189.490362
302.9,6,189.498484
305.2,8,189.5055
310.35,9,189.513081
256.3,37,189.56306
306.35,9,189.570071
291.05,20,189.59267
301.4,7,189.602153
311.5,10,189.612209
311.5,10,189.621715
305.2,8,189.627904
308.65,11,189.636474
300.65,11,189.645512
-655.25,250,189.866938
309.8,12,189.880974
297.65,13,189.890488
301.4,7,189.897086
288.9,17,189.91076
316.1,14,189.926467
307.5,10,189.932478
310.35,9,189.941207
302.3,2,189.94375
303.45,3,189.946447
296.7,18,189.961572
305.75,5,189.965766
302.3,2,189.967864
301.2,8,189.976937
309.85,19,189.991293
315.0,20,190.008152
303.5,10,190.017128
308.65,11,190.02993
306.4,16,190.046484
306.9,6,190.051485
292.3,13,190.066077
-1045.1,250,190.285692
316.7,18,190.306472
299.95,15,190.32458
304.05,7,190.332517
312.65,11,190.341702
314.95,13,190.359553
280.55,19,190.373608
305.75,5,190.378638
307.55,17,190.393746
318.4,16,190.406411
263.3,27,190.433131
304.6,4,190.436451
304.9,17,190.451387
112.0,143,190.587937
306.35,9,190.595715
301.2,8,190.606936
303.45,3,190.612288
308.05,7,190.618593
318.4,16,190.634444
304.05,7,190.641768
302.35,9,190.649201
294.9,21,190.669106
294.6,15,190.684693
308.9,17,190.700427
304.3,13,190.714772
302.95,13,190.727108
292.5,12,190.741962
305.8,12,190.751628
301.75,5,190.755567
302.3,2,190.757592
318.4,16,190.770944
305.45,14,190.781542
305.75,5,190.790082
282.1,18,190.811311
310.35,9,190.821377
310.95,13,190.832323
313.8,12,190.8414
316.1,14,190.852926
302.3,2,190.856966
304.6,4,190.860985
307.15,12,190.870687
310.95,13,190.884716
301.2,8,190.893233
304.05,7,190.899324
